asset_name	Corrosive	Cryo	Fire	Radiation	Shock	Sonic
Struct_Weapon_Elemental_Init	0.800000011920929	0.800000011920929	0.800000011920929	0.800000011920929	0.800000011920929	0.800000011920929
