row_name	none
Common	0.050000
Uncommon	0.090000
Rare	0.130000
Epic	0.170000
Legendary	0.230000
