row_name	cooldown_scale	damage_scale	radius_scale
Common	1.000000	1.000000	1.000000
Uncommon	0.900000	1.100000	1.100000
Rare	0.800000	1.200000	1.150000
Epic	0.700000	1.300000	1.200000
Legendary	0.700000	1.300000	1.200000
