row_name	none
Augment_Trunk	5.000000
Augment_Branch	15.000000
Capstone	10.000000
Tier_1	
Tier_2	5.000000
Tier_3	10.000000
Keystone	15.000000
Trait	1.000000
ActionSkill	2.000000
Passives	2.000000
Branch	15.000000
