row_name	armordamagereduction	armorpassthroughpercent	armorsegments	capacity	delay	rechargerate
Common	0.000000	0.000000	0.000000	0.000000	0.000000	0.000000
Uncommon	0.050000	0.000000	0.000000	0.100000	-0.050000	0.050000
Rare	0.100000	0.000000	0.000000	0.200000	-0.100000	0.100000
Epic	0.150000	0.000000	0.000000	0.300000	-0.150000	0.150000
Legendary	0.200000	0.000000	0.000000	0.350000	-0.200000	0.200000
