row_name	damagemultiplier_levelbased	healthmultiplier_01	healthmultiplier_02	healthmultiplier_03
Burro		20.000000	20.000000	20.000000
WhiteHorn	4.000000	25.000000	15.000000	15.000000
Drill_Boss_Battlewagon	6.000000	75.000000	25.000000	25.000000
Drill_Boss_Battlewagon_TRUE	12.000000	150.000000	50.000000	50.000000
Drill_Boss_RocketTurret		20.000000	20.000000	20.000000
Drill_Boss_RocketTurret_TRUE	1.500000	40.000000	40.000000	40.000000
Mine_Boss_Backhive	8.000000	100.000000	50.000000	50.000000
Mine_Boss_Backhive_TRUE	16.000000	200.000000	100.000000	100.000000
