row_name	healthmultiplier_01	healthmultiplier_02	healthmultiplier_03
Scavenger	0.500000		
Basic	1.500000		
Impaler	2.000000		
Spinner	4.000000		
Badass	6.000000	1.500000	4.000000
Mount	6.000000		
MountBadass	6.000000	3.000000	
Corrupt	8.000000	0.500000	0.500000
Loot	15.000000		
NamedA	50.000000		
NamedB	20.000000		
