row_name	damagemultiplier_levelbased	healthmultiplier_01	healthmultiplier_02	healthmultiplier_03
GrassGuard		44.400002	55.599998	20.000000
GrassGuard_TRUE	2.000000	88.000000	110.000000	40.000000
CreepThorn	0.250000	0.500000	0.500000	0.500000
CreepHydro	0.250000	0.500000	0.500000	0.500000
CreepSolar	0.250000	0.500000	0.500000	0.500000
