row_name	damagemultiplier_levelbased	healthmultiplier_01	healthmultiplier_02	healthmultiplier_03
MountGuard		44.400002	55.599998	180.000000
MountGuard_TRUE	2.000000	88.000000	110.000000	360.000000
BatDiver	0.250000	0.100000	0.100000	0.100000
BatBasic	0.250000	0.250000	0.250000	0.250000
