row_name	large	medium	small	verylarge	verysmall
Experience	400.000000	300.000000	200.000000	500.000000	100.000000
Cash	10000.000000	7500.000000	5000.000000	15000.000000	2500.000000
Eridium	20.000000	15.000000	10.000000	25.000000	5.000000
