row_name	large	medium	small	verylarge	verysmall
Experience	300.000000	250.000000	200.000000	350.000000	150.000000
Cash	1250.000000	1000.000000	750.000000	1500.000000	500.000000
Eridium	4.000000	3.000000	2.000000	5.000000	1.000000
