row_name	damagemultiplier_levelbased	healthmultiplier_01
Baby		0.500000
Basic	2.000000	4.000000
Hiveback	2.000000	6.000000
HammerHead	2.400000	8.000000
Glob	2.800000	10.000000
Badass	3.000000	9.000000
Corrupt	4.000000	11.000000
Mount	2.400000	7.000000
BadassMount	3.000000	11.000000
LootMount	2.400000	7.000000
Bats		0.100000
