row_name	damagemultiplier_levelbased	healthmultiplier_01	healthmultiplier_02	healthmultiplier_03
Basic	0.330000	6.000000	6.000000	6.000000
Launcher	0.330000	8.000000	8.000000	8.000000
Enrager	0.330000	10.000000	10.000000	10.000000
Badass	0.500000	16.000000	12.000000	12.000000
Loot	0.500000	10.000000	10.000000	10.000000
Corrupt	0.500000	12.000000	3.000000	1.500000
SpeakerMortar				
