row_name	healthmultiplier_01	healthmultiplier_02	healthmultiplier_03
TkGuard	100.000000	100.000000	100.000000
GrassGuard	60.000000	75.000000	20.000000
MountGuard	50.000000	50.000000	50.000000
ShatterGuard	100.000000	100.000000	100.000000
