row_name	none
AssaultRifle	36.000000
Pistol	24.000000
Shotgun	16.000000
SMG	48.000000
SniperRifle	8.000000
