row_name	ai_accuracy	ai_accuracy_max	ai_accuracy_min	bursttime_value	firerate_value	firerateaccelduration	maxdesiredrange	mindesiredrange	projectilespeed	radius_value	spread_value
FaceLaser	2.000000	2.250000	1.000000	5.000000	7.000000	1.000000	5750.000000	500.000000	10000.000000		5.000000
FaceLaser_Cannon		2.000000	1.000000	3.000000		1.000000	5750.000000	500.000000	10000.000000		10.000000
FaceLaser_Missile	3.000000	2.500000	1.000000	4.000000	5.000000	1.000000	5750.000000	500.000000	10000.000000	150.000000	6.500000
FaceLaser_Badass	2.500000	2.250000	1.000000	6.000000	9.000000	1.000000	6000.000000	500.000000	12500.000000		8.000000
