row_name	commonmodifier	legendarymodifier	raremodifier	uncommonmodifier	veryraremodifier
Normal			3.000000	2.000000	2.000000
VeryGood			15.000000	10.000000	10.000000
WhiteChest	0.500000	7.000000	50.000000	20.000000	25.000000
RedChest	0.330000	10.000000	45.000000	15.000000	30.000000
VendingMachine	0.500000	5.000000	50.000000	20.000000	25.000000
GoldChest	0.001000	118.000000	0.100000	0.005000	50.000000
