row_name	accuracy	burstcount	burstdelay	bursttime	maxdesiredrange	minaccuracy	minaccuracyscalerange	mindesiredrange	preferredrange	projectilespeed
Default										
Pistol	6.000000	50.000000	1.500000	30.000000			0.100000			0.500000
Shotgun	12.000000	3.000000					0.350000	350.000000		
SMG	7.500000	20.000000	2.500000	2.500000	7500.000000		0.200000	350.000000		0.450000
AssaultRifle	6.500000	10.000000		3.000000	9000.000000		0.150000	450.000000		0.450000
Sniper	2.500000	1.000000	3.500000	3.000000	12000.000000	0.100000	0.100000	700.000000		0.600000
Beam	2.000000	10.000000		3.000000	3000.000000			350.000000		1.000000
HeavyWeapon		100.000000								
ShortShotgun					2000.000000				1500.000000	1.000000
