row_name	impulsemax	impulseweight	spreadmax	spreadweight	swayweight
AssaultRifle	1.500000	0.250000	10.000000	0.750000	0.100000
Pistol	1.500000	0.250000	10.000000	0.750000	0.100000
Shotgun	1.500000	0.050000	17.000000	0.950000	0.100000
SMG	1.500000	0.250000	10.000000	0.750000	0.100000
Sniper	2.500000	0.100000	15.000000	0.900000	0.100000
HW	1.500000	0.250000	10.000000	0.750000	0.100000
