row_name	critdamage_add	cryoimpactcontribution_scale	damage_scale	elementalchance_value	elementaldamage_scale	equiptime_value	modeswitchtime_value	putdowntime_value	zoomtime_scale
Pistol		1.050000		0.105000	0.950000		1.000000		0.750000
SMG		0.900000		0.080000	1.200000		1.000000		0.850000
Shotgun			1.250000	0.065000	1.500000	1.250000	1.000000	0.500000	
AssaultRifle		1.075000		0.095000	1.050000	1.400000	1.000000	0.600000	1.100000
Sniper	0.500000	1.250000	1.050000	0.200000	0.500000	1.400000	1.000000	0.750000	1.250000
