category	part_name
1	base_comp_01_common
1	base_comp_02_uncommon
1	base_comp_03_rare
1	base_comp_04_epic
1	base_comp_05_legendary
1	base_comp_06_pearlescent
1	part_corrosive
1	part_cryo
1	part_fire
1	part_radiation
1	part_secondary_elem_corrosive_cryo
1	part_secondary_elem_corrosive_cryo_mal
1	part_secondary_elem_corrosive_fire
1	part_secondary_elem_corrosive_fire_mal
1	part_secondary_elem_corrosive_radiation
1	part_secondary_elem_corrosive_radiation_mal
1	part_secondary_elem_corrosive_shock
1	part_secondary_elem_corrosive_shock_mal
1	part_secondary_elem_cryo_corrosive
1	part_secondary_elem_cryo_corrosive_mal
1	part_secondary_elem_cryo_fire
1	part_secondary_elem_cryo_fire_mal
1	part_secondary_elem_cryo_radiation
1	part_secondary_elem_cryo_radiation_mal
1	part_secondary_elem_cryo_shock
1	part_secondary_elem_cryo_shock_mal
1	part_secondary_elem_fire_corrosive
1	part_secondary_elem_fire_corrosive_mal
1	part_secondary_elem_fire_cryo
1	part_secondary_elem_fire_cryo_mal
1	part_secondary_elem_fire_radiation
1	part_secondary_elem_fire_radiation_mal
1	part_secondary_elem_fire_shock
1	part_secondary_elem_fire_shock_mal
1	part_secondary_elem_radiation_corrosive
1	part_secondary_elem_radiation_corrosive_mal
1	part_secondary_elem_radiation_cryo
1	part_secondary_elem_radiation_cryo_mal
1	part_secondary_elem_radiation_fire
1	part_secondary_elem_radiation_fire_mal
1	part_secondary_elem_radiation_shock
1	part_secondary_elem_radiation_shock_mal
1	part_secondary_elem_shock_corrosive
1	part_secondary_elem_shock_corrosive_mal
1	part_secondary_elem_shock_cryo
1	part_secondary_elem_shock_cryo_mal
1	part_secondary_elem_shock_fire
1	part_secondary_elem_shock_fire_mal
1	part_secondary_elem_shock_radiation
1	part_secondary_elem_shock_radiation_mal
1	part_shock
1	pearl_corrosive
1	pearl_cryo
1	pearl_damage
1	pearl_fire
1	pearl_firerate
1	pearl_handling
1	pearl_normal
1	pearl_radiation
1	pearl_reload
1	pearl_shock
2	comp_01_common
2	comp_02_uncommon
2	comp_03_rare
2	comp_04_epic
2	comp_05_legendary
2	comp_05_legendary_rangefinder
2	comp_05_legendary_soulsurvivor
2	comp_05_legendary_zipgun
2	comp_first_gun
2	part_barrel_01
2	part_barrel_01_a
2	part_barrel_01_b
2	part_barrel_01_c
2	part_barrel_01_d
2	part_barrel_01_zipgun
2	part_barrel_02
2	part_barrel_02_a
2	part_barrel_02_b
2	part_barrel_02_c
2	part_barrel_02_d
2	part_barrel_02_rangefinder
2	part_barrel_02_soulsurvivor
2	part_barrel_licensed_hyp
2	part_barrel_licensed_jak
2	part_barrel_licensed_ted
2	part_barrel_licensed_ted_combo
2	part_barrel_licensed_ted_mirv
2	part_barrel_licensed_ted_shooting
2	part_body
2	part_body_a
2	part_body_b
2	part_body_c
2	part_body_d
2	part_body_mag_ar
2	part_body_mag_sg
2	part_body_mag_smg
2	part_body_mag_sr
2	part_foregrip_01
2	part_foregrip_02
2	part_foregrip_03
2	part_grip_01
2	part_grip_02
2	part_grip_03
2	part_grip_04_hyp
2	part_grip_05a_ted_legs
2	part_grip_05b_ted_homing
2	part_grip_05c_ted_jav
2	part_mag_01
2	part_mag_02
2	part_mag_03_tor
2	part_mag_04_cov
2	part_mag_05_borg
2	part_mag_05_borg_barrel_01
2	part_mag_05_borg_barrel_02
2	part_mag_ted_thrown_01
2	part_mag_ted_thrown_02
2	part_mag_ted_thrown_03_tor
2	part_mag_ted_thrown_04_cov
2	part_mag_ted_thrown_05_bor
2	part_mag_torgue_normal
2	part_mag_torgue_normal_soulsurvivor
2	part_mag_torgue_sticky
2	part_mag_torgue_sticky_soulsurvivor
2	part_scope_01_lens_01
2	part_scope_01_lens_02
2	part_scope_02_lens_01
2	part_scope_02_lens_02
2	part_scope_acc_s01_l01_a
2	part_scope_acc_s01_l01_b
2	part_scope_acc_s01_l02_a
2	part_scope_acc_s01_l02_b
2	part_scope_acc_s02_l01_a
2	part_scope_acc_s02_l01_b
2	part_scope_acc_s02_l02_a
2	part_scope_acc_s02_l02_b
2	part_scope_ironsight
2	part_shield_ammo
2	part_shield_amp
2	part_shield_default
2	part_shield_ricochet
2	part_underbarrel_01_taser
2	part_underbarrel_02_knifelauncher
2	part_underbarrel_03_semtex
2	part_underbarrel_04_atlas
2	part_underbarrel_04_atlas_ball
2	part_underbarrel_06_malswitch
3	comp_01_common
3	comp_02_uncommon
3	comp_03_rare
3	comp_04_epic
3	comp_05_legendary
3	comp_05_legendary_kingsgambit
3	comp_05_legendary_phantom_flame
3	comp_05_legendary_quickdraw
3	comp_05_legendary_seventh_sense
3	comp_05_legendary_shalashaska
3	comp_05_legendary_shoals
3	comp_cine_weapon
3	comp_moxxi_weapon
3	comp_zane_weapon
3	part_barrel_01
3	part_barrel_01_a
3	part_barrel_01_b
3	part_barrel_01_c
3	part_barrel_01_d
3	part_barrel_01_phantom_flame
3	part_barrel_01_seventh_sense
3	part_barrel_02
3	part_barrel_02_a
3	part_barrel_02_b
3	part_barrel_02_c
3	part_barrel_02_d
3	part_barrel_02_kingsgambit
3	part_barrel_licensed_hyp
3	part_barrel_licensed_ted
3	part_barrel_licensed_ted_combo
3	part_barrel_licensed_ted_mirv
3	part_barrel_licensed_ted_shooting
3	part_barrel_quickdraw
3	part_barrel_shalashaska
3	part_barrel_shoals
3	part_body
3	part_body_a
3	part_body_b
3	part_body_c
3	part_body_d
3	part_foregrip_01
3	part_foregrip_02
3	part_foregrip_03
3	part_grip_01
3	part_grip_02
3	part_grip_03
3	part_grip_04_hyp
3	part_grip_05a_ted_legs
3	part_grip_05b_ted_homing
3	part_grip_05c_ted_jav
3	part_mag_01
3	part_mag_02
3	part_mag_03_tor
3	part_mag_04_cov
3	part_mag_05_borg
3	part_mag_ted_thrown_01
3	part_mag_ted_thrown_02
3	part_mag_ted_thrown_03_tor
3	part_mag_ted_thrown_04_cov
3	part_mag_ted_thrown_05_bor
3	part_mag_torgue_normal
3	part_mag_torgue_sticky
3	part_scope_01_lens_01
3	part_scope_01_lens_02
3	part_scope_02_lens_01
3	part_scope_02_lens_02
3	part_scope_acc_s01_l01_a
3	part_scope_acc_s01_l01_b
3	part_scope_acc_s01_l02_a
3	part_scope_acc_s01_l02_b
3	part_scope_acc_s02_l01_a
3	part_scope_acc_s02_l01_b
3	part_scope_acc_s02_l02_a
3	part_scope_acc_s02_l02_b
3	part_scope_ironsight
3	part_secondary_ammo_ar
3	part_secondary_ammo_sg
3	part_secondary_ammo_smg
3	part_secondary_ammo_sr
3	part_shield_ammo
3	part_shield_amp
3	part_shield_default
3	part_shield_ricochet
3	part_underbarrel_01_microrocket
3	part_underbarrel_02_knifelauncher
3	part_underbarrel_03_vial
3	part_underbarrel_04_atlas
3	part_underbarrel_04_atlas_ball
3	part_underbarrel_05_ammoswitcher
4	comp_01_common
4	comp_02_uncommon
4	comp_03_rare
4	comp_04_epic
4	comp_05_legendary
4	comp_05_legendary_bully
4	comp_05_legendary_noisycricket
4	comp_05_legendary_rhythm
4	comp_05_legendary_rocketreload
4	comp_05_legendary_roulette
4	comp_05_legendary_sunspot
4	comp_tkhuman_weapon
4	comp_zadra_weapon
4	part_barrel_01
4	part_barrel_01_a
4	part_barrel_01_b
4	part_barrel_01_c
4	part_barrel_01_d
4	part_barrel_02
4	part_barrel_02_a
4	part_barrel_02_b
4	part_barrel_02_bully
4	part_barrel_02_c
4	part_barrel_02_d
4	part_barrel_02_rocketreload
4	part_barrel_02_roulette
4	part_barrel_licensed_hyp
4	part_barrel_licensed_jak
4	part_barrel_licensed_ted
4	part_barrel_licensed_ted_combo
4	part_barrel_licensed_ted_mirv
4	part_barrel_licensed_ted_shooting
4	part_barrel_noisycricket
4	part_barrel_rhythm
4	part_barrel_sunspot
4	part_body
4	part_body_a
4	part_body_b
4	part_body_c
4	part_body_d
4	part_foregrip_01
4	part_foregrip_02
4	part_foregrip_03
4	part_grip_01
4	part_grip_02
4	part_grip_03
4	part_grip_04_hyp
4	part_grip_05a_ted_legs
4	part_grip_05b_ted_homing
4	part_grip_05c_ted_jav
4	part_mag_01
4	part_mag_02
4	part_mag_03_rocketreload
4	part_mag_03_tor
4	part_mag_04_cov
4	part_mag_05_borg
4	part_mag_noisycricket
4	part_mag_ted_thrown_01
4	part_mag_ted_thrown_02
4	part_mag_ted_thrown_03_tor
4	part_mag_ted_thrown_04_cov
4	part_mag_ted_thrown_05_bor
4	part_mag_torgue_normal
4	part_mag_torgue_sticky
4	part_scope_01_lens_01
4	part_scope_01_lens_02
4	part_scope_02_lens_01
4	part_scope_02_lens_02
4	part_scope_acc_s01_l01_a
4	part_scope_acc_s01_l01_b
4	part_scope_acc_s01_l02_a
4	part_scope_acc_s01_l02_b
4	part_scope_acc_s02_l01_a
4	part_scope_acc_s02_l01_b
4	part_scope_acc_s02_l02_a
4	part_scope_acc_s02_l02_b
4	part_scope_ironsight
4	part_secondary_ammo_ar
4	part_secondary_ammo_sg
4	part_secondary_ammo_sm
4	part_secondary_ammo_sr
4	part_shield_ammo
4	part_shield_amp
4	part_shield_default
4	part_shield_ricochet
4	part_underbarrel_01_energyburst
4	part_underbarrel_02_gravitywell
4	part_underbarrel_03_rockets
4	part_underbarrel_04_atlas
4	part_underbarrel_04_atlas_ball
4	part_underbarrel_05_ammoswitcher
5	comp_01_common
5	comp_02_uncommon
5	comp_03_rare
5	comp_04_epic
5	comp_05_legendary
5	comp_05_legendary_atlien
5	comp_05_legendary_inscriber
5	comp_05_legendary_rubysgrasp
5	comp_05_legendary_shammy
5	comp_05_legendary_sideshow
5	part_barrel_01
5	part_barrel_01_a
5	part_barrel_01_b
5	part_barrel_01_c
5	part_barrel_01_d
5	part_barrel_01_shammy
5	part_barrel_01_sideshow
5	part_barrel_02
5	part_barrel_02_a
5	part_barrel_02_atlien
5	part_barrel_02_b
5	part_barrel_02_c
5	part_barrel_02_d
5	part_barrel_02_inscriber
5	part_barrel_02_rubysgrasp
5	part_barrel_licensed_hyp
5	part_barrel_licensed_jak
5	part_barrel_licensed_multi
5	part_barrel_licensed_ted_combo
5	part_barrel_licensed_ted_mirv
5	part_barrel_licensed_ted_replicator
5	part_barrel_licensed_ted_replicator_multi
5	part_barrel_licensed_ted_shooting
5	part_body
5	part_body_a
5	part_body_b
5	part_body_c
5	part_body_d
5	part_foregrip_01
5	part_foregrip_02
5	part_foregrip_03
5	part_grip_01
5	part_grip_02
5	part_grip_03
5	part_grip_04_hyp
5	part_grip_05a_ted_legs
5	part_grip_05a_ted_legs_mirv
5	part_grip_05b_ted_homing
5	part_grip_05b_ted_homing_atlien
5	part_grip_05c_ted_jav
5	part_grip_05c_ted_jav_atlien
5	part_mag_01
5	part_mag_02
5	part_mag_03_tor
5	part_mag_04_cov
5	part_mag_05_borg
5	part_mag_torgue_normal
5	part_mag_torgue_normal_inscriber
5	part_mag_torgue_sticky
5	part_multi_ted_combo
5	part_multi_ted_combo_atlien
5	part_multi_ted_mirv
5	part_multi_ted_replicator
5	part_multi_ted_shooting
5	part_scope_01_lens_01
5	part_scope_01_lens_02
5	part_scope_02_lens_01
5	part_scope_02_lens_02
5	part_scope_acc_s01_l01_a
5	part_scope_acc_s01_l01_b
5	part_scope_acc_s01_l02_a
5	part_scope_acc_s01_l02_b
5	part_scope_acc_s02_l01_a
5	part_scope_acc_s02_l01_b
5	part_scope_acc_s02_l02_a
5	part_scope_acc_s02_l02_b
5	part_scope_ironsight
5	part_secondary_ammo_ar
5	part_secondary_ammo_sg
5	part_secondary_ammo_sm
5	part_secondary_ammo_sr
5	part_shield_ammo
5	part_shield_amp
5	part_shield_default
5	part_shield_ricochet
5	part_underbarrel_01_drone
5	part_underbarrel_02_rockets
5	part_underbarrel_03_shotgun
5	part_underbarrel_04_atlas
5	part_underbarrel_04_atlas_ball
5	part_underbarrel_05_ammoswitcher
5	part_underbarrel_06_malswitch
6	comp_01_common
6	comp_02_uncommon
6	comp_03_rare
6	comp_04_epic
6	comp_05_legendary
6	comp_05_legendary_breadth
6	comp_05_legendary_handcannon
6	comp_05_legendary_queensrest
6	comp_05_legendary_roach
6	comp_05_legendary_scootshoot
6	comp_06_pearl_herald
6	part_barrel_01
6	part_barrel_01_a
6	part_barrel_01_b
6	part_barrel_01_c
6	part_barrel_01_d
6	part_barrel_01_herald
6	part_barrel_01_roach
6	part_barrel_02
6	part_barrel_02_a
6	part_barrel_02_b
6	part_barrel_02_breadth
6	part_barrel_02_c
6	part_barrel_02_d
6	part_barrel_02_handcannon
6	part_barrel_02_queensrest
6	part_barrel_02_scootshoot
6	part_barrel_licensed_hyp
6	part_barrel_licensed_jak
6	part_barrel_licensed_ted
6	part_barrel_licensed_ted_combo
6	part_barrel_licensed_ted_mirv
6	part_barrel_licensed_ted_shooting
6	part_body
6	part_body_a
6	part_body_b
6	part_body_c
6	part_body_d
6	part_foregrip_01
6	part_foregrip_01_handcannon
6	part_foregrip_01_herald
6	part_foregrip_02
6	part_foregrip_02_handcannon
6	part_foregrip_02_herald
6	part_foregrip_03
6	part_foregrip_03_handcannon
6	part_foregrip_03_herald
6	part_grip_01
6	part_grip_02
6	part_grip_03
6	part_grip_04_hyp
6	part_grip_05a_ted_legs
6	part_grip_05b_ted_homing
6	part_grip_05c_ted_jav
6	part_mag_01
6	part_mag_02
6	part_mag_04_cov
6	part_mag_05_borg
6	part_mag_ted_thrown_01
6	part_mag_ted_thrown_02
6	part_mag_ted_thrown_04_cov
6	part_mag_ted_thrown_05_bor
6	part_scope_01_lens_01
6	part_scope_01_lens_02
6	part_scope_02_lens_01
6	part_scope_02_lens_02
6	part_scope_acc_s01_l01_a
6	part_scope_acc_s01_l01_b
6	part_scope_acc_s01_l02_a
6	part_scope_acc_s01_l02_b
6	part_scope_acc_s02_l01_a
6	part_scope_acc_s02_l01_b
6	part_scope_acc_s02_l02_a
6	part_scope_acc_s02_l02_b
6	part_scope_ironsight
6	part_secondary_ammo_ar
6	part_secondary_ammo_sg
6	part_secondary_ammo_smg
6	part_secondary_ammo_sr
6	part_shield_ammo
6	part_shield_amp
6	part_shield_default
6	part_shield_ricochet
6	part_underbarrel_01_rockets
6	part_underbarrel_02_blowback
6	part_underbarrel_03_cleaver
6	part_underbarrel_04_atlas
6	part_underbarrel_04_atlas_ball
6	part_underbarrel_05_ammoswitcher
6	part_underbarrel_06_malswitch
7	comp_01_common
7	comp_02_uncommon
7	comp_03_rare
7	comp_04_epic
7	comp_05_legendary
7	comp_05_legendary_convergence
7	comp_05_legendary_crazedearl
7	comp_05_legendary_demo
7	comp_05_legendary_goldengod
7	comp_05_legendary_goremaster
7	part_barrel_01
7	part_barrel_01_a
7	part_barrel_01_b
7	part_barrel_01_c
7	part_barrel_01_d
7	part_barrel_02
7	part_barrel_02_a
7	part_barrel_02_b
7	part_barrel_02_c
7	part_barrel_02_d
7	part_barrel_02_goremaster
7	part_barrel_crazedearl
7	part_barrel_goldengod
7	part_barrel_licensed_hyp
7	part_barrel_licensed_jak
7	part_barrel_licensed_ted
7	part_barrel_licensed_ted_combo
7	part_barrel_licensed_ted_mirv
7	part_barrel_licensed_ted_shooting
7	part_body
7	part_body_a
7	part_body_b
7	part_body_c
7	part_body_d
7	part_foregrip_01
7	part_foregrip_02
7	part_foregrip_03
7	part_grip_01
7	part_grip_02
7	part_grip_03
7	part_grip_04_hyp
7	part_grip_05a_ted_legs
7	part_grip_05b_ted_homing
7	part_grip_05c_ted_jav
7	part_mag_01
7	part_mag_01_crazedearl
7	part_mag_02
7	part_mag_02_crazedearl
7	part_mag_03_tor
7	part_mag_04_cov
7	part_mag_goldengod
7	part_mag_ted_thrown_01
7	part_mag_ted_thrown_02
7	part_mag_ted_thrown_03_tor
7	part_mag_ted_thrown_04_cov
7	part_mag_torgue_normal
7	part_mag_torgue_sticky
7	part_scope_01_lens_01
7	part_scope_01_lens_02
7	part_scope_02_lens_01
7	part_scope_02_lens_02
7	part_scope_acc_s01_l01_a
7	part_scope_acc_s01_l01_b
7	part_scope_acc_s01_l02_a
7	part_scope_acc_s01_l02_b
7	part_scope_acc_s02_l01_a
7	part_scope_acc_s02_l01_b
7	part_scope_acc_s02_l02_a
7	part_scope_acc_s02_l02_b
7	part_scope_ironsight
7	part_secondary_ammo_ar
7	part_secondary_ammo_ps
7	part_secondary_ammo_smg
7	part_secondary_ammo_sr
7	part_shield_ammo
7	part_shield_amp
7	part_shield_default
7	part_shield_ricochet
7	part_underbarrel_01_beam
7	part_underbarrel_02_gauss
7	part_underbarrel_03_discharge
7	part_underbarrel_04_atlas
7	part_underbarrel_04_atlas_ball
7	part_underbarrel_05_ammoswitcher
7	part_underbarrel_06_malswitch
7	part_unique_barrel_02_convergence
7	part_unique_barrel_02_demo
8	comp_01_common
8	comp_02_uncommon
8	comp_03_rare
8	comp_04_epic
8	comp_05_legendary
8	comp_05_legendary_bod
8	comp_05_legendary_cannonbrawl
8	comp_05_legendary_heartgun
8	comp_05_legendary_misslaser
8	comp_zanemurder_weapon
8	part_barrel_01
8	part_barrel_01_a
8	part_barrel_01_b
8	part_barrel_01_bod
8	part_barrel_01_c
8	part_barrel_01_d
8	part_barrel_02
8	part_barrel_02_a
8	part_barrel_02_b
8	part_barrel_02_c
8	part_barrel_02_d
8	part_barrel_cannonbrawl
8	part_barrel_heartgun
8	part_barrel_licensed_hyp
8	part_barrel_licensed_jak
8	part_barrel_licensed_ted
8	part_barrel_licensed_ted_combo
8	part_barrel_licensed_ted_mirv
8	part_barrel_licensed_ted_shooting
8	part_barrel_misslaser
8	part_body
8	part_body_a
8	part_body_b
8	part_body_c
8	part_body_d
8	part_body_mag_ar
8	part_body_mag_ps
8	part_body_mag_smg
8	part_body_mag_sr
8	part_foregrip_01
8	part_foregrip_02
8	part_foregrip_03
8	part_grip_01
8	part_grip_02
8	part_grip_03
8	part_grip_04_hyp
8	part_grip_05a_ted_legs
8	part_grip_05b_ted_homing
8	part_grip_05c_ted_jav
8	part_mag_01
8	part_mag_02
8	part_mag_03_tor
8	part_mag_04_cov
8	part_mag_05_borg
8	part_mag_ted_thrown_01
8	part_mag_ted_thrown_02
8	part_mag_ted_thrown_03_tor
8	part_mag_ted_thrown_04_cov
8	part_mag_ted_thrown_05_bor
8	part_mag_torgue_normal
8	part_mag_torgue_sticky
8	part_scope_01_lens_01
8	part_scope_01_lens_02
8	part_scope_02_lens_01
8	part_scope_02_lens_02
8	part_scope_acc_s01_l01_a
8	part_scope_acc_s01_l01_b
8	part_scope_acc_s01_l02_a
8	part_scope_acc_s01_l02_b
8	part_scope_acc_s02_l01_a
8	part_scope_acc_s02_l01_b
8	part_scope_acc_s02_l02_a
8	part_scope_acc_s02_l02_b
8	part_scope_ironsight
8	part_shield_ammo
8	part_shield_amp
8	part_shield_default
8	part_shield_ricochet
8	part_underbarrel_01_cannonbrawl
8	part_underbarrel_01_microrocket
8	part_underbarrel_01_misslaser
8	part_underbarrel_02_singularity
8	part_underbarrel_03_mine
8	part_underbarrel_04_atlas
8	part_underbarrel_04_atlas_ball
8	part_underbarrel_06_malswitch
9	comp_01_common
9	comp_02_uncommon
9	comp_03_rare
9	comp_04_epic
9	comp_05_legendary
9	comp_05_legendary_doeshot
9	comp_05_legendary_hellwalker
9	comp_05_legendary_rainbowvomit
9	comp_05_legendary_slugger
9	comp_05_legendary_tkswave
9	comp_06_pearl_constable
9	part_barrel_01
9	part_barrel_01_a
9	part_barrel_01_b
9	part_barrel_01_c
9	part_barrel_01_constable
9	part_barrel_01_d
9	part_barrel_01_hellwalker
9	part_barrel_01_slugger
9	part_barrel_02
9	part_barrel_02_a
9	part_barrel_02_b
9	part_barrel_02_c
9	part_barrel_02_d
9	part_barrel_doeshot
9	part_barrel_licensed_hyp
9	part_barrel_licensed_ted
9	part_barrel_licensed_ted_combo
9	part_barrel_licensed_ted_mirv
9	part_barrel_licensed_ted_shooting
9	part_barrel_rainbowvomit
9	part_barrel_tkswave
9	part_body
9	part_body_a
9	part_body_b
9	part_body_c
9	part_body_d
9	part_body_ele_rainbowvomit_cor_cryo_fire
9	part_body_ele_rainbowvomit_cor_cryo_rad
9	part_body_ele_rainbowvomit_cor_cryo_shock
9	part_body_ele_rainbowvomit_cor_fire_rad
9	part_body_ele_rainbowvomit_cor_fire_shock
9	part_body_ele_rainbowvomit_cor_rad_shock
9	part_body_ele_rainbowvomit_cryo_fire_rad
9	part_body_ele_rainbowvomit_cryo_fire_shock
9	part_body_ele_rainbowvomit_cryo_rad_shock
9	part_body_ele_rainbowvomit_fire_rad_shock
9	part_foregrip_01
9	part_foregrip_02
9	part_foregrip_03
9	part_grip_01
9	part_grip_02
9	part_grip_03
9	part_grip_04_hyp
9	part_grip_05a_ted_legs
9	part_grip_05b_ted_homing
9	part_grip_05c_ted_jav
9	part_mag_01_b01
9	part_mag_01_b02
9	part_mag_01_slugger
9	part_mag_02
9	part_mag_02_b02
9	part_mag_03_tor
9	part_mag_04_cov
9	part_mag_05_borg
9	part_mag_rainbowvomit
9	part_mag_ted_thrown_01
9	part_mag_ted_thrown_02
9	part_mag_ted_thrown_03_tor
9	part_mag_ted_thrown_04_cov
9	part_mag_ted_thrown_05_bor
9	part_mag_torgue_normal
9	part_mag_torgue_normal_tkswave
9	part_mag_torgue_sticky
9	part_mag_torgue_sticky_tkswave
9	part_scope_01_lens_01
9	part_scope_01_lens_02
9	part_scope_02_lens_01
9	part_scope_02_lens_02
9	part_scope_acc_s01_l01_a
9	part_scope_acc_s01_l01_b
9	part_scope_acc_s01_l02_a
9	part_scope_acc_s01_l02_b
9	part_scope_acc_s02_l01_a
9	part_scope_acc_s02_l01_b
9	part_scope_acc_s02_l02_a
9	part_scope_acc_s02_l02_b
9	part_scope_ironsight
9	part_secondary_ammo_assaultrifle
9	part_secondary_ammo_ps
9	part_secondary_ammo_smg
9	part_secondary_ammo_sr
9	part_shield_ammo
9	part_shield_amp
9	part_shield_default
9	part_shield_ricochet
9	part_underbarrel_01_knifelauncher
9	part_underbarrel_02_meathook
9	part_underbarrel_03_grenade
9	part_underbarrel_04_atlas
9	part_underbarrel_04_atlas_ball
9	part_underbarrel_05_ammoswitcher
10	comp_01_common
10	comp_02_uncommon
10	comp_03_rare
10	comp_04_epic
10	comp_05_legendary
10	comp_05_legendary_discybusiness
10	comp_05_legendary_kaleidosplode
10	comp_05_legendary_kickballer
10	comp_05_legendary_mantra
10	comp_05_legendary_reminisce
10	comp_05_legendary_sweet_embrace
10	part_barrel_01
10	part_barrel_01_a
10	part_barrel_01_b
10	part_barrel_01_c
10	part_barrel_01_d
10	part_barrel_01_discybusiness
10	part_barrel_01_kaleidosplode
10	part_barrel_01_kickballer
10	part_barrel_01_reminisce
10	part_barrel_02
10	part_barrel_02_a
10	part_barrel_02_b
10	part_barrel_02_c
10	part_barrel_02_d
10	part_barrel_02_mantra
10	part_barrel_02_sweet_embrace
10	part_barrel_licensed_hyp
10	part_barrel_licensed_jak
10	part_barrel_licensed_ted
10	part_barrel_licensed_ted_combo
10	part_barrel_licensed_ted_mirv
10	part_barrel_licensed_ted_shooting
10	part_body
10	part_body_a
10	part_body_b
10	part_body_c
10	part_body_d
10	part_foregrip_01
10	part_foregrip_02
10	part_foregrip_03
10	part_foregrip_04
10	part_grip_01
10	part_grip_02
10	part_grip_03
10	part_grip_04_hyp
10	part_grip_05a_ted_legs
10	part_grip_05b_ted_homing
10	part_grip_05c_ted_jav
10	part_mag_01
10	part_mag_02
10	part_mag_03_tor
10	part_mag_04_cov
10	part_mag_05_borg
10	part_mag_ted_thrown_01
10	part_mag_ted_thrown_02
10	part_mag_ted_thrown_03_tor
10	part_mag_ted_thrown_04_cov
10	part_mag_ted_thrown_05_bor
10	part_mag_torgue_normal
10	part_mag_torgue_sticky
10	part_scope_01_lens_01
10	part_scope_01_lens_02
10	part_scope_02_lens_01
10	part_scope_02_lens_02
10	part_scope_acc_s01_l01_a
10	part_scope_acc_s01_l01_b
10	part_scope_acc_s01_l02_a
10	part_scope_acc_s01_l02_b
10	part_scope_acc_s02_l01_a
10	part_scope_acc_s02_l01_b
10	part_scope_acc_s02_l02_a
10	part_scope_acc_s02_l02_b
10	part_scope_ironsight
10	part_secondary_ammo_ar
10	part_secondary_ammo_ps
10	part_secondary_ammo_smg
10	part_secondary_ammo_sr
10	part_shield_ammo
10	part_shield_amp
10	part_shield_default
10	part_shield_ricochet
10	part_underbarrel_01_blowback
10	part_underbarrel_02_energydisc
10	part_underbarrel_03_beam_tosser
10	part_underbarrel_04_atlas
10	part_underbarrel_04_atlas_ball
10	part_underbarrel_05_ammoswitcher
11	comp_01_common
11	comp_02_uncommon
11	comp_03_rare
11	comp_04_epic
11	comp_05_legendary
11	comp_05_legendary_anarchy
11	comp_05_legendary_commbd
11	comp_05_legendary_eigenburst
11	comp_05_legendary_heavyturret
11	comp_06_pearl_sharkbait
11	part_barrel_01
11	part_barrel_01_a
11	part_barrel_01_anarchy
11	part_barrel_01_b
11	part_barrel_01_c
11	part_barrel_01_commbd
11	part_barrel_01_d
11	part_barrel_01_eigenburst
11	part_barrel_01_sharkbait
11	part_barrel_02
11	part_barrel_02_a
11	part_barrel_02_b
11	part_barrel_02_c
11	part_barrel_02_d
11	part_barrel_licensed_hyp
11	part_barrel_licensed_jak
11	part_barrel_licensed_multi
11	part_barrel_licensed_ted_combo
11	part_barrel_licensed_ted_mirv
11	part_barrel_licensed_ted_replicator
11	part_barrel_licensed_ted_replicator_multi
11	part_barrel_licensed_ted_shooting
11	part_body
11	part_body_a
11	part_body_b
11	part_body_c
11	part_body_d
11	part_foregrip_01
11	part_foregrip_02
11	part_foregrip_03
11	part_grip_01
11	part_grip_02
11	part_grip_03
11	part_grip_04_hyp
11	part_grip_05a_ted_legs
11	part_grip_05a_ted_legs_mirv
11	part_grip_05a_ted_legs_mirv_sharkbait
11	part_grip_05a_ted_legs_sharkbait
11	part_grip_05b_ted_homing
11	part_grip_05b_ted_homing_sharkbait
11	part_grip_05c_ted_jav
11	part_grip_05c_ted_jav_sharkbait
11	part_mag_01
11	part_mag_02
11	part_mag_03_tor
11	part_mag_04_cov
11	part_mag_05_borg
11	part_mag_torgue_normal
11	part_mag_torgue_normal_sharkbait
11	part_mag_torgue_sticky
11	part_mag_torgue_sticky_sharkbait
11	part_multi_ted_combo
11	part_multi_ted_mirv
11	part_multi_ted_replicator
11	part_multi_ted_shooting
11	part_scope_01_lens_01
11	part_scope_01_lens_02
11	part_scope_02_lens_01
11	part_scope_02_lens_02
11	part_scope_acc_s01_l01_a
11	part_scope_acc_s01_l01_b
11	part_scope_acc_s01_l02_a
11	part_scope_acc_s01_l02_b
11	part_scope_acc_s02_l01_a
11	part_scope_acc_s02_l01_b
11	part_scope_acc_s02_l02_a
11	part_scope_acc_s02_l02_b
11	part_scope_ironsight
11	part_secondary_ammo_ar
11	part_secondary_ammo_ps
11	part_secondary_ammo_sm
11	part_secondary_ammo_sr
11	part_shield_ammo
11	part_shield_amp
11	part_shield_default
11	part_shield_ricochet
11	part_underbarrel_01_autoturret
11	part_underbarrel_01_heavyturret
11	part_underbarrel_02_stickymine
11	part_underbarrel_03_deployable_shield
11	part_underbarrel_04_atlas
11	part_underbarrel_04_atlas_ball
11	part_underbarrel_05_ammoswitcher
11	part_underbarrel_06_malswitch
12	comp_01_common
12	comp_02_uncommon
12	comp_03_rare
12	comp_04_epic
12	comp_05_legendary
12	comp_05_legendary_arctic
12	comp_05_legendary_cormano
12	comp_05_legendary_leadballoon
12	comp_05_legendary_linebacker
12	comp_05_legendary_unstable_kor
12	part_barrel_01
12	part_barrel_01_a
12	part_barrel_01_b
12	part_barrel_01_c
12	part_barrel_01_d
12	part_barrel_01_linebacker
12	part_barrel_01_unstable_kor
12	part_barrel_02
12	part_barrel_02_a
12	part_barrel_02_arctic
12	part_barrel_02_b
12	part_barrel_02_c
12	part_barrel_02_cormano
12	part_barrel_02_d
12	part_barrel_02_leadballoon
12	part_barrel_licensed_hyp
12	part_barrel_licensed_jak
12	part_barrel_licensed_ted
12	part_barrel_licensed_ted_combo
12	part_barrel_licensed_ted_mirv
12	part_barrel_licensed_ted_shooting
12	part_body
12	part_body_a
12	part_body_b
12	part_body_c
12	part_body_d
12	part_foregrip_01
12	part_foregrip_01_cormano
12	part_foregrip_01_unstable_kor
12	part_foregrip_02
12	part_foregrip_02_cormano
12	part_foregrip_02_unstable_kor
12	part_foregrip_03
12	part_foregrip_03_cormano
12	part_foregrip_03_unstable_kor
12	part_grip_01
12	part_grip_02
12	part_grip_03
12	part_grip_04_hyp
12	part_grip_05a_ted_legs
12	part_grip_05b_ted_homing
12	part_grip_05c_ted_jav
12	part_mag_01
12	part_mag_02
12	part_mag_04_cov
12	part_mag_05_borg
12	part_mag_ted_thrown_01
12	part_mag_ted_thrown_02
12	part_mag_ted_thrown_04_cov
12	part_mag_ted_thrown_05_bor
12	part_scope_01_lens_01
12	part_scope_01_lens_02
12	part_scope_02_lens_01
12	part_scope_02_lens_02
12	part_scope_acc_s01_l01_a
12	part_scope_acc_s01_l01_b
12	part_scope_acc_s01_l02_a
12	part_scope_acc_s01_l02_b
12	part_scope_acc_s02_l01_a
12	part_scope_acc_s02_l01_b
12	part_scope_acc_s02_l02_a
12	part_scope_acc_s02_l02_b
12	part_scope_ironsight
12	part_secondary_ammo_ar
12	part_secondary_ammo_ps
12	part_secondary_ammo_smg
12	part_secondary_ammo_sr
12	part_shield_ammo
12	part_shield_amp
12	part_shield_default
12	part_shield_ricochet
12	part_underbarrel_01_seeker_missiles
12	part_underbarrel_02_flameblast
12	part_underbarrel_03_bounce_grenade
12	part_underbarrel_04_atlas
12	part_underbarrel_04_atlas_ball
12	part_underbarrel_05_ammoswitcher
12	part_underbarrel_06_malswitch
13	comp_01_common
13	comp_02_uncommon
13	comp_03_rare
13	comp_04_epic
13	comp_05_legendary
13	comp_05_legendary_firstimpression
13	comp_05_legendary_harddark
13	comp_05_legendary_lumberjack
13	comp_05_legendary_mercredi
13	comp_05_legendary_om
13	comp_05_legendary_star_helix
13	comp_ds_as_phaseshard_specter_weapon
13	comp_gnpc_weapon
13	part_barrel_01
13	part_barrel_01_a
13	part_barrel_01_b
13	part_barrel_01_c
13	part_barrel_01_d
13	part_barrel_01_firstimpression
13	part_barrel_01_mercredi
13	part_barrel_02
13	part_barrel_02_a
13	part_barrel_02_b
13	part_barrel_02_c
13	part_barrel_02_d
13	part_barrel_02_harddark
13	part_barrel_02_lumberjack
13	part_barrel_02_star_helix
13	part_barrel_licensed_hyp
13	part_barrel_licensed_jak
13	part_barrel_licensed_ted
13	part_barrel_licensed_ted_combo
13	part_barrel_licensed_ted_mirv
13	part_barrel_licensed_ted_shooting
13	part_barrel_unique_om
13	part_body
13	part_body_a
13	part_body_b
13	part_body_bolt
13	part_body_c
13	part_body_d
13	part_body_mag_ps
13	part_body_mag_sg
13	part_body_mag_smg
13	part_body_mag_sr
13	part_foregrip_01
13	part_foregrip_02
13	part_foregrip_03
13	part_grip_01
13	part_grip_02
13	part_grip_03
13	part_grip_04_hyp
13	part_grip_05a_ted_legs
13	part_grip_05b_ted_homing
13	part_grip_05c_ted_jav
13	part_mag_01
13	part_mag_02
13	part_mag_03_tor
13	part_mag_04_cov
13	part_mag_05_borg
13	part_mag_ted_thrown_01
13	part_mag_ted_thrown_02
13	part_mag_ted_thrown_03_tor
13	part_mag_ted_thrown_04_cov
13	part_mag_ted_thrown_05_bor
13	part_mag_torgue_normal
13	part_mag_torgue_sticky
13	part_scope_01_lens_01
13	part_scope_01_lens_02
13	part_scope_02_lens_01
13	part_scope_02_lens_02
13	part_scope_acc_s01_l01_a
13	part_scope_acc_s01_l01_b
13	part_scope_acc_s01_l02_a
13	part_scope_acc_s01_l02_b
13	part_scope_acc_s02_l01_a
13	part_scope_acc_s02_l01_b
13	part_scope_acc_s02_l02_a
13	part_scope_acc_s02_l02_b
13	part_scope_ironsight
13	part_shield_ammo
13	part_shield_amp
13	part_shield_default
13	part_shield_ricochet
13	part_underbarrel_01_grenade
13	part_underbarrel_01_grenade_om
13	part_underbarrel_02_shotgun
13	part_underbarrel_03_microrocket
13	part_underbarrel_04_atlas
13	part_underbarrel_04_atlas_ball
13	part_underbarrel_04_atlas_ball_mercredi
13	part_underbarrel_04_atlas_mercredi
13	part_underbarrel_06_malswitch
13	part_underbarrel_06_star_helix
13	part_underbarrel_om_spacelaser
14	comp_01_common
14	comp_02_uncommon
14	comp_03_rare
14	comp_04_epic
14	comp_05_legendary
14	comp_05_legendary_chuck
14	comp_05_legendary_dividedfocus
14	comp_05_legendary_laserdisc
14	comp_05_legendary_murder
14	comp_nudge_weapon
14	part_barrel_01
14	part_barrel_01_a
14	part_barrel_01_b
14	part_barrel_01_c
14	part_barrel_01_d
14	part_barrel_01_dividedfocus
14	part_barrel_01_laserdisc
14	part_barrel_01_murder
14	part_barrel_02
14	part_barrel_02_a
14	part_barrel_02_b
14	part_barrel_02_c
14	part_barrel_02_chuck
14	part_barrel_02_d
14	part_barrel_licensed_hyp
14	part_barrel_licensed_jak
14	part_barrel_licensed_multi
14	part_barrel_licensed_ted_combo
14	part_barrel_licensed_ted_mirv
14	part_barrel_licensed_ted_replicator
14	part_barrel_licensed_ted_replicator_multi
14	part_barrel_licensed_ted_shooting
14	part_body
14	part_body_a
14	part_body_b
14	part_body_c
14	part_body_d
14	part_foregrip_01
14	part_foregrip_02
14	part_foregrip_03
14	part_grip_01
14	part_grip_02
14	part_grip_03
14	part_grip_04_hyp
14	part_grip_05a_ted_legs
14	part_grip_05a_ted_legs_mirv
14	part_grip_05b_ted_jav
14	part_grip_05c_ted_homing
14	part_mag_01
14	part_mag_01_chuck
14	part_mag_02
14	part_mag_03_tor
14	part_mag_04_cov
14	part_mag_05_borg
14	part_mag_torgue_normal
14	part_mag_torgue_normal_murder
14	part_mag_torgue_sticky
14	part_mag_torgue_sticky_murder
14	part_multi_ted_combo
14	part_multi_ted_mirv
14	part_multi_ted_replicator
14	part_multi_ted_shooting
14	part_scope_01_lens_01
14	part_scope_01_lens_02
14	part_scope_02_lens_01
14	part_scope_02_lens_02
14	part_scope_acc_s01_l01_a
14	part_scope_acc_s01_l01_b
14	part_scope_acc_s01_l02_a
14	part_scope_acc_s01_l02_b
14	part_scope_acc_s02_l01_a
14	part_scope_acc_s02_l01_b
14	part_scope_acc_s02_l02_a
14	part_scope_acc_s02_l02_b
14	part_scope_ironsight
14	part_secondary_ammo_ps
14	part_secondary_ammo_sg
14	part_secondary_ammo_sm
14	part_secondary_ammo_sr
14	part_shield_ammo
14	part_shield_amp
14	part_shield_default
14	part_shield_ricochet
14	part_underbarrel_01_buffdrone
14	part_underbarrel_02_comboorb
14	part_underbarrel_03_shotgun
14	part_underbarrel_04_atlas
14	part_underbarrel_04_atlas_ball
14	part_underbarrel_05_ammoswitcher
14	part_underbarrel_06_malswitch
15	comp_01_common
15	comp_02_uncommon
15	comp_03_rare
15	comp_04_epic
15	comp_05_legendary
15	comp_05_legendary_crowsourced
15	comp_05_legendary_gmr
15	comp_05_legendary_goalkeeper
15	part_barrel_01
15	part_barrel_01_a
15	part_barrel_01_b
15	part_barrel_01_c
15	part_barrel_01_d
15	part_barrel_02
15	part_barrel_02_a
15	part_barrel_02_b
15	part_barrel_02_c
15	part_barrel_02_crowsourced
15	part_barrel_02_d
15	part_barrel_02_gmr
15	part_barrel_02_goalkeeper
15	part_barrel_licensed_hyp
15	part_barrel_licensed_jak
15	part_barrel_licensed_ted
15	part_barrel_licensed_ted_combo
15	part_barrel_licensed_ted_mirv
15	part_barrel_licensed_ted_shooting
15	part_body
15	part_body_a
15	part_body_b
15	part_body_c
15	part_body_d
15	part_foregrip_01
15	part_foregrip_02
15	part_foregrip_03
15	part_grip_01
15	part_grip_02
15	part_grip_03
15	part_grip_04_hyp
15	part_grip_05a_ted_legs
15	part_grip_05b_ted_homing
15	part_grip_05c_ted_jav
15	part_mag_01
15	part_mag_02
15	part_mag_03_tor
15	part_mag_04_cov
15	part_mag_05_borg
15	part_mag_ted_thrown_01
15	part_mag_ted_thrown_02
15	part_mag_ted_thrown_03_tor
15	part_mag_ted_thrown_04_cov
15	part_mag_ted_thrown_05_bor
15	part_mag_torgue_normal
15	part_mag_torgue_sticky
15	part_scope_01_lens_01
15	part_scope_01_lens_02
15	part_scope_02_lens_01
15	part_scope_02_lens_02
15	part_scope_02_lens_02_gmr
15	part_scope_acc_s01_l01_a
15	part_scope_acc_s01_l01_b
15	part_scope_acc_s01_l02_a
15	part_scope_acc_s01_l02_b
15	part_scope_acc_s02_l01_a
15	part_scope_acc_s02_l01_b
15	part_scope_acc_s02_l02_a
15	part_scope_acc_s02_l02_b
15	part_scope_ironsight
15	part_secondary_ammo_ps
15	part_secondary_ammo_sg
15	part_secondary_ammo_sm
15	part_secondary_ammo_sr
15	part_shield_ammo
15	part_shield_amp
15	part_shield_default
15	part_shield_ricochet
15	part_underbarrel_01_seeker
15	part_underbarrel_02_deathsphere
15	part_underbarrel_03_killdrone
15	part_underbarrel_04_atlas
15	part_underbarrel_04_atlas_ball
15	part_underbarrel_05_ammoswitcher
16	comp_01_common
16	comp_02_uncommon
16	comp_03_rare
16	comp_04_epic
16	comp_05_legendary
16	comp_05_legendary_crowdsourced
16	comp_05_legendary_finnty
16	comp_05_legendary_hemorrhage
16	comp_05_legendary_lightgun
16	comp_05_legendary_stopgap
16	part_barrel_01
16	part_barrel_01_a
16	part_barrel_01_b
16	part_barrel_01_c
16	part_barrel_01_d
16	part_barrel_01_hemorrhage
16	part_barrel_01_lightgun
16	part_barrel_01_stopgap
16	part_barrel_02
16	part_barrel_02_a
16	part_barrel_02_b
16	part_barrel_02_c
16	part_barrel_02_d
16	part_barrel_02_finnty
16	part_barrel_crowdsourced
16	part_barrel_licensed_hyp
16	part_barrel_licensed_jak
16	part_barrel_licensed_ted
16	part_barrel_licensed_ted_combo
16	part_barrel_licensed_ted_mirv
16	part_barrel_licensed_ted_shooting
16	part_body
16	part_body_a
16	part_body_b
16	part_body_c
16	part_body_d
16	part_foregrip_01
16	part_foregrip_02
16	part_foregrip_03
16	part_grip_01
16	part_grip_02
16	part_grip_03
16	part_grip_04_hyp
16	part_grip_04_hyp_finnty
16	part_grip_05a_ted_legs
16	part_grip_05b_ted_homing
16	part_grip_05c_ted_jav
16	part_mag_01
16	part_mag_02
16	part_mag_03_tor
16	part_mag_04_cov
16	part_mag_05_borg
16	part_mag_ted_thrown_01
16	part_mag_ted_thrown_02
16	part_mag_ted_thrown_03_tor
16	part_mag_ted_thrown_04_cov
16	part_mag_ted_thrown_05_bor
16	part_mag_torgue_normal
16	part_mag_torgue_sticky
16	part_scope_01_lens_01
16	part_scope_01_lens_02
16	part_scope_02_lens_01
16	part_scope_02_lens_02
16	part_scope_acc_s01_l01_a
16	part_scope_acc_s01_l01_b
16	part_scope_acc_s01_l02_a
16	part_scope_acc_s01_l02_b
16	part_scope_acc_s02_l01_a
16	part_scope_acc_s02_l01_b
16	part_scope_acc_s02_l02_a
16	part_scope_acc_s02_l02_b
16	part_scope_ironsight
16	part_secondary_ammo_ar
16	part_secondary_ammo_ps
16	part_secondary_ammo_sg
16	part_secondary_ammo_smg
16	part_shield_ammo
16	part_shield_amp
16	part_shield_default
16	part_shield_ricochet
16	part_underbarrel_01_shotgun
16	part_underbarrel_02_rocket
16	part_underbarrel_03_bipod
16	part_underbarrel_04_atlas
16	part_underbarrel_04_atlas_ball
16	part_underbarrel_05_ammoswitcher
16	part_underbarrel_06_malswitch
16	part_underbarrel_07_secondbarrel
16	part_underbarrel_bipod_acc
16	part_underbarrel_rocket_acc
16	part_underbarrel_secondbarrel_acc_a
16	part_underbarrel_secondbarrel_acc_b
16	part_underbarrel_secondbarrel_acc_c
16	part_underbarrel_shotgun_acc
17	comp_01_common
17	comp_02_uncommon
17	comp_03_rare
17	comp_04_epic
17	comp_05_legendary
17	comp_05_legendary_bugbear
17	comp_05_legendary_coldshoulder
17	comp_05_legendary_fleabag
17	comp_05_legendary_lockjaw
17	comp_05_legendary_potatothrower
17	comp_brenda_weapon
17	part_barrel_01
17	part_barrel_01_a
17	part_barrel_01_b
17	part_barrel_01_c
17	part_barrel_01_d
17	part_barrel_02
17	part_barrel_02_a
17	part_barrel_02_b
17	part_barrel_02_bugbear
17	part_barrel_02_c
17	part_barrel_02_d
17	part_barrel_coldshoulder
17	part_barrel_fleabag
17	part_barrel_licensed_hyp
17	part_barrel_licensed_jak
17	part_barrel_licensed_ted
17	part_barrel_licensed_ted_combo
17	part_barrel_licensed_ted_mirv
17	part_barrel_licensed_ted_shooting
17	part_barrel_lockjaw
17	part_barrel_potatothrower
17	part_body
17	part_body_a
17	part_body_b
17	part_body_c
17	part_body_d
17	part_foregrip_01
17	part_foregrip_01_fleabag
17	part_foregrip_01_pt
17	part_foregrip_02
17	part_foregrip_02_fleabag
17	part_foregrip_02_pt
17	part_foregrip_03
17	part_foregrip_03_fleabag
17	part_foregrip_03_pt
17	part_grip_01
17	part_grip_02
17	part_grip_03
17	part_grip_04_hyp
17	part_grip_05a_ted_legs
17	part_grip_05b_ted_homing
17	part_grip_05c_ted_jav
17	part_mag_01
17	part_mag_02
17	part_mag_04_cov
17	part_mag_05_borg
17	part_mag_ted_thrown_01
17	part_mag_ted_thrown_02
17	part_mag_ted_thrown_04_cov
17	part_mag_ted_thrown_05_bor
17	part_scope_01_lens_01
17	part_scope_01_lens_02
17	part_scope_02_lens_01
17	part_scope_02_lens_02
17	part_scope_acc_s01_l01_a
17	part_scope_acc_s01_l01_b
17	part_scope_acc_s01_l02_a
17	part_scope_acc_s01_l02_b
17	part_scope_acc_s02_l01_a
17	part_scope_acc_s02_l01_b
17	part_scope_acc_s02_l02_a
17	part_scope_acc_s02_l02_b
17	part_scope_ironsight
17	part_secondary_ammo_ps
17	part_secondary_ammo_sg
17	part_secondary_ammo_smg
17	part_secondary_ammo_sr
17	part_shield_ammo
17	part_shield_amp
17	part_shield_default
17	part_shield_ricochet
17	part_underbarrel_01_mirvgrenade
17	part_underbarrel_02_shotgun
17	part_underbarrel_03_airstrike
17	part_underbarrel_04_atlas
17	part_underbarrel_04_atlas_ball
17	part_underbarrel_05_ammoswitcher
17	part_underbarrel_06_malswitch
18	comp_01_common
18	comp_02_uncommon
18	comp_03_rare
18	comp_04_epic
18	comp_05_legendary
18	comp_05_legendary_bubbles
18	comp_05_legendary_dualdamage
18	comp_05_legendary_lasercutter
18	comp_05_legendary_lucian
18	comp_05_legendary_wf
18	comp_05_legendary_wombocombo
18	part_barrel_01
18	part_barrel_01_a
18	part_barrel_01_b
18	part_barrel_01_bubbles
18	part_barrel_01_c
18	part_barrel_01_d
18	part_barrel_01_dualdamage
18	part_barrel_01_lasercutter
18	part_barrel_01_lucian
18	part_barrel_01_wombocombo
18	part_barrel_02
18	part_barrel_02_a
18	part_barrel_02_b
18	part_barrel_02_c
18	part_barrel_02_d
18	part_barrel_licensed_hyp
18	part_barrel_licensed_jak
18	part_barrel_licensed_ted
18	part_barrel_licensed_ted_combo
18	part_barrel_licensed_ted_mirv
18	part_barrel_licensed_ted_shooting
18	part_barrel_wf
18	part_body
18	part_body_a
18	part_body_b
18	part_body_c
18	part_body_d
18	part_foregrip_01
18	part_foregrip_02
18	part_foregrip_03
18	part_grip_01
18	part_grip_02
18	part_grip_03
18	part_grip_04_hyp
18	part_grip_05a_ted_legs
18	part_grip_05b_ted_homing
18	part_grip_05c_ted_jav
18	part_mag_01
18	part_mag_02
18	part_mag_03_tor
18	part_mag_04_cov
18	part_mag_05_borg
18	part_mag_ted_thrown_01
18	part_mag_ted_thrown_02
18	part_mag_ted_thrown_03_tor
18	part_mag_ted_thrown_04_cov
18	part_mag_ted_thrown_05_bor
18	part_mag_torgue_normal
18	part_mag_torgue_sticky
18	part_scope_01_lens_01
18	part_scope_01_lens_02
18	part_scope_02_lens_01
18	part_scope_02_lens_02
18	part_scope_acc_s01_l01_a
18	part_scope_acc_s01_l01_b
18	part_scope_acc_s01_l02_a
18	part_scope_acc_s01_l02_b
18	part_scope_acc_s02_l01_a
18	part_scope_acc_s02_l01_b
18	part_scope_acc_s02_l02_a
18	part_scope_acc_s02_l02_b
18	part_scope_ironsight
18	part_secondary_ammo_ps
18	part_secondary_ammo_sg
18	part_secondary_ammo_sm
18	part_secondary_ammo_sr
18	part_shield_ammo
18	part_shield_amp
18	part_shield_default
18	part_shield_ricochet
18	part_underbarrel_01_grenadelauncher
18	part_underbarrel_02_shotgun
18	part_underbarrel_02_wf_scrapcannon
18	part_underbarrel_03_bipod
18	part_underbarrel_04_atlas
18	part_underbarrel_04_atlas_ball
18	part_underbarrel_05_ammoswitcher
18	part_underbarrel_06_malswitch
18	part_underbarrel_07_acc_vis
18	part_underbarrel_07_b
18	part_underbarrel_07_dualdamage
18	part_underbarrel_07_secondbarrel
18	part_underbarrel_07_secondbarrel_lasercutter
18	part_underbarrel_bipod_acc
18	part_underbarrel_grenade_acc
18	part_underbarrel_overdrive_acc
18	part_underbarrel_scrap_acc
18	part_underbarrel_secondbarrel_acc_a
18	part_underbarrel_secondbarrel_acc_b
18	part_underbarrel_secondbarrel_acc_c
18	part_underbarrel_shotgun_acc
18	part_underbarrel_wf_overdrive
19	comp_01_common
19	comp_02_uncommon
19	comp_03_rare
19	comp_04_epic
19	comp_05_legendary
19	comp_05_legendary_falke
19	comp_05_legendary_hellfire
19	comp_05_legendary_jailbroken
19	comp_05_legendary_prince
19	comp_05_legendary_roil
19	part_barrel_01
19	part_barrel_01_a
19	part_barrel_01_b
19	part_barrel_01_c
19	part_barrel_01_d
19	part_barrel_01_falke
19	part_barrel_01_hellfire
19	part_barrel_01_jailbroken
19	part_barrel_01_roil
19	part_barrel_02
19	part_barrel_02_a
19	part_barrel_02_b
19	part_barrel_02_c
19	part_barrel_02_d
19	part_barrel_02_prince
19	part_barrel_licensed_hyp
19	part_barrel_licensed_jak
19	part_barrel_licensed_ted
19	part_barrel_licensed_ted_combo
19	part_barrel_licensed_ted_mirv
19	part_barrel_licensed_ted_shooting
19	part_body
19	part_body_a
19	part_body_b
19	part_body_c
19	part_body_d
19	part_foregrip_01
19	part_foregrip_02
19	part_foregrip_03
19	part_grip_01
19	part_grip_02
19	part_grip_03
19	part_grip_04_hyp
19	part_grip_05a_ted_legs
19	part_grip_05b_ted_homing
19	part_grip_05c_ted_jav
19	part_mag_01
19	part_mag_02
19	part_mag_03_tor
19	part_mag_04_cov
19	part_mag_ted_thrown_01
19	part_mag_ted_thrown_02
19	part_mag_ted_thrown_03_tor
19	part_mag_ted_thrown_04_cov
19	part_mag_torgue_normal
19	part_mag_torgue_sticky
19	part_scope_01_lens_01
19	part_scope_01_lens_02
19	part_scope_02_lens_01
19	part_scope_02_lens_02
19	part_scope_acc_s01_l01_a
19	part_scope_acc_s01_l01_b
19	part_scope_acc_s01_l02_a
19	part_scope_acc_s01_l02_b
19	part_scope_acc_s02_l01_a
19	part_scope_acc_s02_l01_b
19	part_scope_acc_s02_l02_a
19	part_scope_acc_s02_l02_b
19	part_scope_ironsight
19	part_secondary_ammo_ar
19	part_secondary_ammo_ps
19	part_secondary_ammo_sg
19	part_secondary_ammo_sr
19	part_shield_ammo
19	part_shield_amp
19	part_shield_default
19	part_shield_ricochet
19	part_underbarrel_01_shrapnel
19	part_underbarrel_02_drunkrocket
19	part_underbarrel_03_gastrap
19	part_underbarrel_04_atlas
19	part_underbarrel_04_atlas_ball
19	part_underbarrel_05_ammoswitcher
19	part_underbarrel_05_roil
19	part_underbarrel_06_malswitch
20	comp_01_common
20	comp_02_uncommon
20	comp_03_rare
20	comp_04_epic
20	comp_05_legendary
20	comp_05_legendary_bloodstarved
20	comp_05_legendary_conglomerate
20	comp_05_legendary_follower
20	comp_05_legendary_loarmaster
20	comp_05_legendary_luty
20	comp_05_legendary_raiden
20	comp_06_pearl_screwed
20	part_barrel_01
20	part_barrel_01_a
20	part_barrel_01_b
20	part_barrel_01_bloodstarved
20	part_barrel_01_c
20	part_barrel_01_d
20	part_barrel_01_loarmaster
20	part_barrel_01_luty
20	part_barrel_01_raiden
20	part_barrel_02
20	part_barrel_02_a
20	part_barrel_02_b
20	part_barrel_02_c
20	part_barrel_02_conglomerate
20	part_barrel_02_d
20	part_barrel_02_follower
20	part_barrel_02_screwed
20	part_barrel_licensed_conglomerate
20	part_barrel_licensed_hyp
20	part_barrel_licensed_jak
20	part_barrel_licensed_ted
20	part_barrel_licensed_ted_combo
20	part_barrel_licensed_ted_mirv
20	part_barrel_licensed_ted_shooting
20	part_body
20	part_body_a
20	part_body_b
20	part_body_c
20	part_body_d
20	part_body_mag_ar
20	part_body_mag_ps
20	part_body_mag_sg
20	part_body_mag_sr
20	part_foregrip_01
20	part_foregrip_02
20	part_foregrip_03
20	part_grip_01
20	part_grip_02
20	part_grip_03
20	part_grip_04_hyp
20	part_grip_05a_ted_legs
20	part_grip_05b_ted_homing
20	part_grip_05c_ted_jav
20	part_mag_01
20	part_mag_02
20	part_mag_03_tor
20	part_mag_04_cov
20	part_mag_05_borg
20	part_mag_borg_barrel_01
20	part_mag_borg_barrel_02
20	part_mag_ted_thrown_01
20	part_mag_ted_thrown_02
20	part_mag_ted_thrown_03_tor
20	part_mag_ted_thrown_04_cov
20	part_mag_ted_thrown_05_bor
20	part_mag_torgue_normal
20	part_mag_torgue_sticky
20	part_scope_01_lens_01
20	part_scope_01_lens_02
20	part_scope_02_lens_01
20	part_scope_02_lens_02
20	part_scope_acc_s01_l01_a
20	part_scope_acc_s01_l01_b
20	part_scope_acc_s01_l02_a
20	part_scope_acc_s01_l02_b
20	part_scope_acc_s02_l01_a
20	part_scope_acc_s02_l01_b
20	part_scope_acc_s02_l02_a
20	part_scope_acc_s02_l02_b
20	part_scope_acc_s02_lb_a
20	part_scope_acc_s02_lb_b
20	part_scope_ironsight
20	part_shield_ammo
20	part_shield_amp
20	part_shield_default
20	part_shield_ricochet
20	part_underbarrel_01_stungrenade
20	part_underbarrel_02_shotgun
20	part_underbarrel_03_overcharge
20	part_underbarrel_04_atlas
20	part_underbarrel_04_atlas_ball
20	part_underbarrel_06_malswitch
21	comp_01_common
21	comp_02_uncommon
21	comp_03_rare
21	comp_04_epic
21	comp_05_legendary
21	comp_05_legendary_firework
21	comp_05_legendary_flashcyclone
21	comp_05_legendary_ohmigot
21	comp_05_legendary_plasmacoil
21	comp_05_legendary_songbird
21	comp_06_pearl_juliet
21	comp_amara_weapon
21	part_barrel_01
21	part_barrel_01_a
21	part_barrel_01_b
21	part_barrel_01_c
21	part_barrel_01_d
21	part_barrel_01_ohmigot
21	part_barrel_02
21	part_barrel_02_a
21	part_barrel_02_b
21	part_barrel_02_c
21	part_barrel_02_d
21	part_barrel_02_d_plasmacoil
21	part_barrel_02_firework
21	part_barrel_02_flashcyclone
21	part_barrel_02_juliet
21	part_barrel_02_plasmacoil
21	part_barrel_02_songbird
21	part_barrel_licensed_hyp
21	part_barrel_licensed_jak
21	part_barrel_licensed_ted
21	part_barrel_licensed_ted_combo
21	part_barrel_licensed_ted_mirv
21	part_barrel_licensed_ted_shooting
21	part_body
21	part_body_a
21	part_body_b
21	part_body_c
21	part_body_d
21	part_foregrip_01
21	part_foregrip_01_flashcyclone
21	part_foregrip_02
21	part_foregrip_02_flashcyclone
21	part_foregrip_03
21	part_foregrip_03_flashcyclone
21	part_grip_01
21	part_grip_02
21	part_grip_03
21	part_grip_04_hyp
21	part_grip_05a_ted_legs
21	part_grip_05b_ted_homing
21	part_grip_05c_ted_jav
21	part_mag_01
21	part_mag_02
21	part_mag_03_tor
21	part_mag_04_cov
21	part_mag_05_borg
21	part_mag_ted_thrown_01
21	part_mag_ted_thrown_02
21	part_mag_ted_thrown_03_tor
21	part_mag_ted_thrown_04_cov
21	part_mag_ted_thrown_05_bor
21	part_mag_torgue_normal
21	part_mag_torgue_normal_songbird
21	part_mag_torgue_sticky
21	part_scope_01_lens_01
21	part_scope_01_lens_02
21	part_scope_02_lens_01
21	part_scope_02_lens_02
21	part_scope_acc_s01_l01_a
21	part_scope_acc_s01_l01_b
21	part_scope_acc_s01_l02_a
21	part_scope_acc_s01_l02_b
21	part_scope_acc_s02_l01_a
21	part_scope_acc_s02_l01_b
21	part_scope_acc_s02_l02_a
21	part_scope_acc_s02_l02_b
21	part_scope_ironsight
21	part_secondary_ammo_ar
21	part_secondary_ammo_ps
21	part_secondary_ammo_sg
21	part_secondary_ammo_sr
21	part_shield_ammo
21	part_shield_amp
21	part_shield_default
21	part_shield_ricochet
21	part_underbarrel_01_laserwire
21	part_underbarrel_02_overcharge
21	part_underbarrel_03_railgun
21	part_underbarrel_04_atlas
21	part_underbarrel_04_atlas_ball
21	part_underbarrel_05_ammoswitcher
22	comp_01_common
22	comp_02_uncommon
22	comp_03_rare
22	comp_04_epic
22	comp_05_legendary
22	comp_05_legendary_beegun
22	comp_05_legendary_brickhouse
22	comp_05_legendary_kaoson
22	comp_05_legendary_mercury
22	comp_05_legendary_onslaught
22	comp_06_pearl_locust
22	part_barrel_01
22	part_barrel_01_a
22	part_barrel_01_b
22	part_barrel_01_c
22	part_barrel_01_d
22	part_barrel_01_kaoson
22	part_barrel_01_onslaught
22	part_barrel_02
22	part_barrel_02_a
22	part_barrel_02_b
22	part_barrel_02_c
22	part_barrel_02_c_d
22	part_barrel_02_d
22	part_barrel_02_d_c
22	part_barrel_beegun
22	part_barrel_brickhouse
22	part_barrel_licensed_hyp
22	part_barrel_licensed_jak
22	part_barrel_licensed_ted
22	part_barrel_licensed_ted_combo
22	part_barrel_licensed_ted_mirv
22	part_barrel_licensed_ted_shooting
22	part_barrel_locust
22	part_barrel_mercury
22	part_body
22	part_body_a
22	part_body_b
22	part_body_c
22	part_body_d
22	part_body_flap
22	part_foregrip_01
22	part_foregrip_02
22	part_foregrip_03
22	part_grip_01
22	part_grip_02
22	part_grip_03
22	part_grip_04_hyp
22	part_grip_05a_ted_legs
22	part_grip_05b_ted_homing
22	part_grip_05c_ted_jav
22	part_mag_01
22	part_mag_02
22	part_mag_03_tor
22	part_mag_04_cov
22	part_mag_05_borg
22	part_mag_ted_thrown_01
22	part_mag_ted_thrown_02
22	part_mag_ted_thrown_03_tor
22	part_mag_ted_thrown_04_cov
22	part_mag_ted_thrown_05_bor
22	part_mag_torgue_normal
22	part_mag_torgue_normal_beegun
22	part_mag_torgue_normal_locust
22	part_mag_torgue_normal_mercury
22	part_mag_torgue_sticky
22	part_mag_torgue_sticky_beegun
22	part_mag_torgue_sticky_locust
22	part_mag_torgue_sticky_mercury
22	part_scope_01_lens_01
22	part_scope_01_lens_02
22	part_scope_02_lens_01
22	part_scope_02_lens_02
22	part_scope_acc_s01_l01_a
22	part_scope_acc_s01_l01_b
22	part_scope_acc_s01_l02_a
22	part_scope_acc_s01_l02_b
22	part_scope_acc_s02_l01_a
22	part_scope_acc_s02_l01_b
22	part_scope_acc_s02_l02_a
22	part_scope_acc_s02_l02_b
22	part_scope_ironsight
22	part_secondary_ammo_ar
22	part_secondary_ammo_ps
22	part_secondary_ammo_sg
22	part_secondary_ammo_sr
22	part_shield_ammo
22	part_shield_amp
22	part_shield_default
22	part_shield_ricochet
22	part_underbarrel_01_microrockets
22	part_underbarrel_02_taser
22	part_underbarrel_03_flamethrower
22	part_underbarrel_04_atlas
22	part_underbarrel_04_atlas_ball
22	part_underbarrel_05_ammoswitcher
22	part_underbarrel_06_malswitch
22	part_underbarrel_07_secondbarrel
22	part_underbarrel_flamethrower_acc
22	part_underbarrel_microrockets_acc
22	part_underbarrel_secondbarrel_acc
22	part_underbarrel_taser_acc
22	part_underbarrel_uni_locust_rocket
23	comp_01_common
23	comp_02_uncommon
23	comp_03_rare
23	comp_04_epic
23	comp_05_legendary
23	comp_05_legendary_abyss
23	comp_05_legendary_rainmaker
23	comp_05_legendary_stray
23	comp_05_legendary_tankbuster
23	comp_05_legendary_vamoose
23	part_barrel_01
23	part_barrel_01_a
23	part_barrel_01_b
23	part_barrel_01_c
23	part_barrel_01_d
23	part_barrel_01_stray
23	part_barrel_01_tankbuster
23	part_barrel_02
23	part_barrel_02_a
23	part_barrel_02_abyss
23	part_barrel_02_b
23	part_barrel_02_c
23	part_barrel_02_d
23	part_barrel_02_rainmaker
23	part_barrel_02_vamoose
23	part_barrel_licensed_hyp
23	part_barrel_licensed_jak
23	part_barrel_licensed_ted
23	part_barrel_licensed_ted_combo
23	part_barrel_licensed_ted_mirv
23	part_barrel_licensed_ted_shooting
23	part_body
23	part_body_a
23	part_body_b
23	part_body_c
23	part_body_d
23	part_foregrip_01
23	part_foregrip_02
23	part_foregrip_03
23	part_grip_01
23	part_grip_02
23	part_grip_03
23	part_grip_04_hyp
23	part_grip_05a_ted_legs
23	part_grip_05b_ted_homing
23	part_grip_05c_ted_jav
23	part_mag_01
23	part_mag_02
23	part_mag_03_tor
23	part_mag_04_cov
23	part_mag_ted_thrown_01
23	part_mag_ted_thrown_02
23	part_mag_ted_thrown_03_tor
23	part_mag_ted_thrown_04_cov
23	part_mag_torgue_normal
23	part_mag_torgue_sticky
23	part_scope_01_lens_01
23	part_scope_01_lens_02
23	part_scope_02_lens_01
23	part_scope_02_lens_02
23	part_scope_acc_s01_l01_a
23	part_scope_acc_s01_l01_b
23	part_scope_acc_s01_l01_b_abyss
23	part_scope_acc_s01_l02_a
23	part_scope_acc_s01_l02_b
23	part_scope_acc_s02_l01_a
23	part_scope_acc_s02_l01_b
23	part_scope_acc_s02_l02_a
23	part_scope_acc_s02_l02_b
23	part_scope_ironsight
23	part_secondary_ammo_ar
23	part_secondary_ammo_ps
23	part_secondary_ammo_sg
23	part_secondary_ammo_smg
23	part_shield_ammo
23	part_shield_amp
23	part_shield_default
23	part_shield_ricochet
23	part_underbarrel_01_gravtrap
23	part_underbarrel_02_seeker
23	part_underbarrel_03_marked
23	part_underbarrel_04_atlas
23	part_underbarrel_04_atlas_ball
23	part_underbarrel_05_ammoswitcher
23	part_underbarrel_06_malswitch
24	comp_01_common
24	comp_02_uncommon
24	comp_03_rare
24	comp_04_epic
24	comp_05_legendary
24	comp_05_legendary_ballista
24	comp_05_legendary_boomslang
24	comp_05_legendary_fearstalker
24	comp_05_legendary_truck
24	part_barrel_01
24	part_barrel_01_a
24	part_barrel_01_b
24	part_barrel_01_c
24	part_barrel_01_d
24	part_barrel_02
24	part_barrel_02_a
24	part_barrel_02_b
24	part_barrel_02_boomslang
24	part_barrel_02_c
24	part_barrel_02_d
24	part_barrel_02_fearstalker
24	part_barrel_ballista
24	part_barrel_licensed_hyp
24	part_barrel_licensed_ted
24	part_barrel_licensed_ted_combo
24	part_barrel_licensed_ted_mirv
24	part_barrel_licensed_ted_shooting
24	part_barrel_truck
24	part_body
24	part_body_a
24	part_body_b
24	part_body_c
24	part_body_d
24	part_foregrip_01
24	part_foregrip_02
24	part_foregrip_03
24	part_grip_01
24	part_grip_02
24	part_grip_03
24	part_grip_04_hyp
24	part_grip_05a_ted_legs
24	part_grip_05b_ted_homing
24	part_grip_05c_ted_jav
24	part_mag_01
24	part_mag_02
24	part_mag_03_tor
24	part_mag_04_cov
24	part_mag_05_borg
24	part_mag_ted_thrown_01
24	part_mag_ted_thrown_02
24	part_mag_ted_thrown_03_tor
24	part_mag_ted_thrown_04_cov
24	part_mag_ted_thrown_05_bor
24	part_mag_torgue_normal
24	part_mag_torgue_normal_fearstalker
24	part_mag_torgue_sticky
24	part_mag_torgue_sticky_fearstalker
24	part_scope_01_lens_01
24	part_scope_01_lens_02
24	part_scope_02_lens_01
24	part_scope_02_lens_02
24	part_scope_acc_s01_l01_a
24	part_scope_acc_s01_l01_b
24	part_scope_acc_s01_l02_a
24	part_scope_acc_s01_l02_b
24	part_scope_acc_s02_l01_a
24	part_scope_acc_s02_l01_b
24	part_scope_acc_s02_l02_a
24	part_scope_acc_s02_l02_b
24	part_scope_ironsight
24	part_secondary_ammo_ar
24	part_secondary_ammo_ps
24	part_secondary_ammo_sg
24	part_secondary_ammo_smg
24	part_shield_ammo
24	part_shield_amp
24	part_shield_default
24	part_shield_ricochet
24	part_underbarrel_01_shotgun
24	part_underbarrel_02_rocket
24	part_underbarrel_03_crank
24	part_underbarrel_04_atlas
24	part_underbarrel_04_atlas_ball
24	part_underbarrel_05_ammoswitcher
25	comp_01_common
25	comp_02_uncommon
25	comp_03_rare
25	comp_04_epic
25	comp_05_legendary
25	comp_05_legendary_asher
25	comp_05_legendary_complex_root
25	comp_05_legendary_conflux
25	comp_05_legendary_katagawa
25	comp_05_legendary_manifest
25	part_barrel_01
25	part_barrel_01_a
25	part_barrel_01_asher
25	part_barrel_01_b
25	part_barrel_01_c
25	part_barrel_01_complex_root
25	part_barrel_01_d
25	part_barrel_01_manifest
25	part_barrel_02
25	part_barrel_02_a
25	part_barrel_02_b
25	part_barrel_02_c
25	part_barrel_02_conflux
25	part_barrel_02_d
25	part_barrel_02_katagawa
25	part_barrel_licensed_hyp
25	part_barrel_licensed_jak
25	part_barrel_licensed_ted
25	part_barrel_licensed_ted_combo
25	part_barrel_licensed_ted_mirv
25	part_barrel_licensed_ted_shooting
25	part_body
25	part_body_a
25	part_body_b
25	part_body_c
25	part_body_d
25	part_foregrip_01
25	part_foregrip_02
25	part_foregrip_03
25	part_foregrip_04
25	part_grip_01
25	part_grip_02
25	part_grip_03
25	part_grip_04_hyp
25	part_grip_05a_ted_legs
25	part_grip_05b_ted_homing
25	part_grip_05c_ted_jav
25	part_mag_01
25	part_mag_02
25	part_mag_03_tor
25	part_mag_04_cov
25	part_mag_05_borg
25	part_mag_05_borg_acc_manifest
25	part_mag_05_borg_barrel_01
25	part_mag_05_borg_barrel_02
25	part_mag_ted_thrown_01
25	part_mag_ted_thrown_02
25	part_mag_ted_thrown_03_tor
25	part_mag_ted_thrown_04_cov
25	part_mag_ted_thrown_05_bor
25	part_mag_torgue_normal
25	part_mag_torgue_sticky
25	part_scope_01_lens_01
25	part_scope_01_lens_02
25	part_scope_02_lens_01
25	part_scope_02_lens_02
25	part_scope_acc_s01_l01_a
25	part_scope_acc_s01_l01_b
25	part_scope_acc_s01_l02_a
25	part_scope_acc_s01_l02_b
25	part_scope_acc_s02_l01_a
25	part_scope_acc_s02_l01_b
25	part_scope_acc_s02_l02_a
25	part_scope_acc_s02_l02_b
25	part_scope_ironsight
25	part_secondary_ammo_ar
25	part_secondary_ammo_ps
25	part_secondary_ammo_sg
25	part_secondary_ammo_smg
25	part_shield_ammo
25	part_shield_amp
25	part_shield_default
25	part_shield_ricochet
25	part_underbarrel_01_singularity
25	part_underbarrel_02_multitaser
25	part_underbarrel_03_rocketpod
25	part_underbarrel_04_atlas
25	part_underbarrel_04_atlas_ball
25	part_underbarrel_05_ammoswitcher
26	comp_01_common
26	comp_02_uncommon
26	comp_03_rare
26	comp_04_epic
26	comp_05_legendary
26	comp_05_legendary_fisheye
26	comp_05_legendary_ishmael
26	comp_05_legendary_seamstress
26	comp_05_legendary_symmetry
26	comp_05_legendary_temper
26	part_barrel_01
26	part_barrel_01_a
26	part_barrel_01_b
26	part_barrel_01_c
26	part_barrel_01_d
26	part_barrel_01_fisheye
26	part_barrel_01_seamstress
26	part_barrel_02
26	part_barrel_02_a
26	part_barrel_02_b
26	part_barrel_02_c
26	part_barrel_02_d
26	part_barrel_02_ishmael
26	part_barrel_02_symmetry
26	part_barrel_02_temper
26	part_barrel_licensed_hyp
26	part_barrel_licensed_jak
26	part_barrel_licensed_ted
26	part_barrel_licensed_ted_combo
26	part_barrel_licensed_ted_mirv
26	part_barrel_licensed_ted_shooting
26	part_body
26	part_body_a
26	part_body_b
26	part_body_c
26	part_body_d
26	part_foregrip_01
26	part_foregrip_02
26	part_foregrip_03
26	part_grip_01
26	part_grip_02
26	part_grip_03
26	part_grip_04_hyp
26	part_grip_05a_ted_legs
26	part_grip_05b_ted_homing
26	part_grip_05c_ted_jav
26	part_mag_01
26	part_mag_01_fisheye
26	part_mag_02
26	part_mag_03_tor
26	part_mag_04_cov
26	part_mag_05_borg
26	part_mag_ted_thrown_01
26	part_mag_ted_thrown_02
26	part_mag_ted_thrown_03_tor
26	part_mag_ted_thrown_04_cov
26	part_mag_ted_thrown_05_bor
26	part_mag_torgue_normal
26	part_mag_torgue_sticky
26	part_scope_01_lens_01
26	part_scope_01_lens_02
26	part_scope_02_lens_01
26	part_scope_02_lens_02
26	part_scope_acc_s01_l01_a
26	part_scope_acc_s01_l01_b
26	part_scope_acc_s01_l02_a
26	part_scope_acc_s01_l02_b
26	part_scope_acc_s02_l01_a
26	part_scope_acc_s02_l01_b
26	part_scope_acc_s02_l02_a
26	part_scope_acc_s02_l02_b
26	part_scope_ironsight
26	part_secondary_ammo_ar
26	part_secondary_ammo_ps
26	part_secondary_ammo_sg
26	part_secondary_ammo_sm
26	part_shield_ammo
26	part_shield_amp
26	part_shield_default
26	part_shield_ricochet
26	part_underbarrel_01_spear
26	part_underbarrel_02_tether_snare
26	part_underbarrel_02_tether_snare_ishmael
26	part_underbarrel_03_railgun
26	part_underbarrel_03_seamstress
26	part_underbarrel_04_atlas
26	part_underbarrel_04_atlas_ball
26	part_underbarrel_05_ammoswitcher
27	comp_01_common
27	comp_02_uncommon
27	comp_03_rare
27	comp_04_epic
27	comp_05_legendary
27	comp_05_legendary_bonnieclyde
27	comp_05_legendary_fishward
27	comp_05_legendary_gomie
27	comp_05_legendary_rowan
27	comp_05_legendary_rowdy
27	comp_05_legendary_screenwriter
27	comp_zane_weapon
27	part_barrel_01
27	part_barrel_01_a
27	part_barrel_01_b
27	part_barrel_01_bonnieclyde
27	part_barrel_01_c
27	part_barrel_01_d
27	part_barrel_01_gomie
27	part_barrel_02
27	part_barrel_02_a
27	part_barrel_02_b
27	part_barrel_02_c
27	part_barrel_02_d
27	part_barrel_02_fishward
27	part_barrel_02_rowan
27	part_barrel_02_rowdy
27	part_barrel_02_screenwriter
27	part_barrel_licensed_hyp
27	part_barrel_licensed_ted
27	part_barrel_licensed_ted_combo
27	part_barrel_licensed_ted_mirv
27	part_barrel_licensed_ted_shooting
27	part_body
27	part_body_a
27	part_body_b
27	part_body_c
27	part_body_d
27	part_foregrip_01
27	part_foregrip_02
27	part_foregrip_03
27	part_grip_01
27	part_grip_02
27	part_grip_03
27	part_grip_04_hyp
27	part_grip_05a_ted_legs
27	part_grip_05b_ted_homing
27	part_grip_05c_ted_jav
27	part_mag_01
27	part_mag_02
27	part_mag_03_tor
27	part_mag_04_cov
27	part_mag_05_borg
27	part_mag_ted_thrown_01
27	part_mag_ted_thrown_02
27	part_mag_ted_thrown_03_tor
27	part_mag_ted_thrown_04_cov
27	part_mag_ted_thrown_05_bor
27	part_mag_torgue_normal
27	part_mag_torgue_sticky
27	part_scope_01_lens_01
27	part_scope_01_lens_02
27	part_scope_02_lens_01
27	part_scope_02_lens_02
27	part_scope_02_lens_02_b02
27	part_scope_acc_s01_l01_a
27	part_scope_acc_s01_l01_b
27	part_scope_acc_s01_l02_a
27	part_scope_acc_s01_l02_b
27	part_scope_acc_s02_l01_a
27	part_scope_acc_s02_l01_b
27	part_scope_acc_s02_l02_a
27	part_scope_acc_s02_l02_b
27	part_scope_ironsight
27	part_secondary_ammo_ps
27	part_secondary_ammo_sg
27	part_secondary_ammo_smg
27	part_secondary_ammo_sr
27	part_shield_ammo
27	part_shield_amp
27	part_shield_default
27	part_shield_ricochet
27	part_underbarrel_01_flintlock
27	part_underbarrel_02_crank
27	part_underbarrel_02_crank_fishward
27	part_underbarrel_03_shotgun
27	part_underbarrel_04_atlas
27	part_underbarrel_04_atlas_ball
27	part_underbarrel_05_ammoswitcher
234	comp_01_common
234	comp_02_uncommon
234	comp_03_rare
234	comp_04_epic
234	comp_05_legendary
234	part_firmware_action_fist
234	part_firmware_active_fire
234	part_firmware_airstrike
234	part_firmware_atlas_ex
234	part_firmware_atlas_infinum
234	part_firmware_baker
234	part_firmware_bruiser
234	part_firmware_bullets_to_spare
234	part_firmware_daeddy_o
234	part_firmware_deadeye
234	part_firmware_gadget_ahoy
234	part_firmware_get_throwin
234	part_firmware_god_killer
234	part_firmware_goojfc
234	part_firmware_heating_up
234	part_firmware_high_caliber
234	part_firmware_jacked
234	part_firmware_lifeblood
234	part_firmware_oscar_mike
234	part_firmware_reel_big_fist
234	part_firmware_risky_boots
234	part_firmware_rubberband_man
234	part_firmware_skillcraft
234	part_firmware_trickshot
234	stat2_actionskill_damage
234	stat2_all_damage
234	stat2_assaultrifle_damage
234	stat2_crit_damage
234	stat2_criticalhitchance_gun
234	stat2_criticalhitchance_melee
234	stat2_criticalhitchance_ordnance
234	stat2_criticalhitchance_skill
234	stat2_damage_reduction
234	stat2_elemental_damage
234	stat2_fire_rate
234	stat2_health_regen
234	stat2_kinetic_damage
234	stat2_max_health
234	stat2_melee_damage
234	stat2_ordnance_cooldown
234	stat2_ordnance_damage
234	stat2_pistol_damage
234	stat2_reload_speed
234	stat2_shield_capacity
234	stat2_shield_regen_rate
234	stat2_shotgun_damage
234	stat2_skill_cooldown_rate
234	stat2_skill_damage
234	stat2_skill_duration
234	stat2_smg_damage
234	stat2_sniper_damage
234	stat2_speed
234	stat2_splash_damage
234	stat2_statuseffect_chance
234	stat2_statuseffect_damage
234	stat2_weapon_damage
234	stat_actionskill_damage
234	stat_all_damage
234	stat_assaultrifle_damage
234	stat_crit_damage
234	stat_criticalhitchance_gun
234	stat_criticalhitchance_melee
234	stat_criticalhitchance_ordnance
234	stat_criticalhitchance_skill
234	stat_damage_reduction
234	stat_elemental_damage
234	stat_fire_rate
234	stat_health_regen
234	stat_kinetic_damage
234	stat_max_health
234	stat_melee_damage
234	stat_ordnance_cooldown
234	stat_ordnance_damage
234	stat_pistol_damage
234	stat_reload_speed
234	stat_shield_capacity
234	stat_shield_regen_rate
234	stat_shotgun_damage
234	stat_skill_cooldown_rate
234	stat_skill_damage
234	stat_skill_duration
234	stat_smg_damage
234	stat_sniper_damage
234	stat_speed
234	stat_splash_damage
234	stat_statuseffect_chance
234	stat_statuseffect_damage
234	stat_weapon_damage
234	statspecial_attunement_duration
234	statspecial_commandskill_cooldown
234	statspecial_cryo_damage
234	statspecial_detonation_damage
234	statspecial_forgedrone_duration
234	statspecial_forgeskill_damage
234	statspecial_incendiary_damage
234	statspecial_lifesteal
234	statspecial_miniondamage
234	statspecial_movementspeed
234	statspecial_phaseclone_healthloss
234	statspecial_puddle_damage
234	statspecial_stasis_damage
237	comp_01_common
237	comp_02_uncommon
237	comp_03_rare
237	comp_04_epic
237	comp_05_legendary
237	part_ra_armor_segment_primary
237	part_ra_armor_segment_secondary
237	part_ra_armor_strength_primary
237	part_ra_armor_strength_secondary
237	part_ra_bladed_primary
237	part_ra_bladed_secondary
237	part_ra_boxer_primary
237	part_ra_boxer_secondary
237	part_ra_flanking_primary
237	part_ra_flanking_secondary
237	part_ra_heavy_plating_primary
237	part_ra_heavy_plating_secondary
237	part_ra_knockback_primary
237	part_ra_knockback_secondary
237	part_ra_missile_swarm_primary
237	part_ra_missile_swarm_secondary
237	part_ra_nova_segment_primary
237	part_ra_nova_segment_secondary
237	part_ra_positive_reinforcement_primary
237	part_ra_positive_reinforcement_secondary
237	part_ra_reinforced_primary
237	part_ra_reinforced_secondary
237	part_ra_scavenger_primary
237	part_ra_scavenger_secondary
237	part_ra_spunky_primary
237	part_ra_spunky_secondary
238	default_repkit_body
238	default_repkit_comp_01
243	comp_01_common
243	comp_02_uncommon
243	comp_03_rare
243	comp_04_epic
243	comp_05_legendary
243	part_aug_d_aoe_heal
243	part_aug_d_aoe_heal_sec
243	part_aug_d_dmg_reduction_on_use
243	part_aug_d_dmg_reduction_on_use_sec
243	part_aug_d_elemental_immunity
243	part_aug_d_elemental_immunity_sec
243	part_aug_d_elemental_resist
243	part_aug_d_elemental_resist_corrosive
243	part_aug_d_elemental_resist_corrosive_sec
243	part_aug_d_elemental_resist_cryo
243	part_aug_d_elemental_resist_cryo_sec
243	part_aug_d_elemental_resist_fire
243	part_aug_d_elemental_resist_fire_sec
243	part_aug_d_elemental_resist_radiation
243	part_aug_d_elemental_resist_radiation_sec
243	part_aug_d_elemental_resist_sec
243	part_aug_d_elemental_resist_shock
243	part_aug_d_elemental_resist_shock_sec
243	part_aug_d_healthburst
243	part_aug_d_healthburst_sec
243	part_aug_d_increased_healing
243	part_aug_d_increased_healing_sec
243	part_aug_d_lifesteal
243	part_aug_d_lifesteal_sec
243	part_aug_d_overshield
243	part_aug_d_overshield_sec
243	part_aug_d_shieldcharge
243	part_aug_d_shieldcharge_sec
243	part_aug_ele_immunity_corrosive
243	part_aug_ele_immunity_corrosive_sec
243	part_aug_ele_immunity_cryo
243	part_aug_ele_immunity_cryo_sec
243	part_aug_ele_immunity_fire
243	part_aug_ele_immunity_fire_sec
243	part_aug_ele_immunity_radiation
243	part_aug_ele_immunity_radiation_sec
243	part_aug_ele_immunity_shock
243	part_aug_ele_immunity_shock_sec
243	part_aug_ele_nova_corrosive
243	part_aug_ele_nova_cryo
243	part_aug_ele_nova_fire
243	part_aug_ele_nova_radiation
243	part_aug_ele_nova_shock
243	part_aug_ele_splat_corrosive
243	part_aug_ele_splat_cryo
243	part_aug_ele_splat_fire
243	part_aug_ele_splat_radiation
243	part_aug_ele_splat_shock
243	part_aug_o_amp_next_shot
243	part_aug_o_amp_next_shot_sec
243	part_aug_o_elemental_dmg_on_use
243	part_aug_o_elemental_dmg_on_use_sec
243	part_aug_o_elemental_ground_splat
243	part_aug_o_elemental_ground_splat_sec
243	part_aug_o_fire_rate_on_use
243	part_aug_o_fire_rate_on_use_sec
243	part_aug_o_melee_boost_on_use
243	part_aug_o_melee_boost_on_use_sec
243	part_aug_o_nova_blast_on_use
243	part_aug_o_nova_blast_on_use_sec
243	part_aug_o_reload_speed_on_use
243	part_aug_o_reload_speed_on_use_sec
243	part_aug_o_splashdmg_on_use
243	part_aug_o_splashdmg_on_use_sec
243	part_aug_u_alldmg_on_use
243	part_aug_u_alldmg_on_use_sec
243	part_aug_u_askill_cooldown_on_use
243	part_aug_u_askill_cooldown_on_use_sec
243	part_aug_u_gadget_cooldown_on_use
243	part_aug_u_gadget_cooldown_on_use_sec
243	part_aug_u_move_speed_on_use
243	part_aug_u_move_speed_on_use_sec
243	part_aug_u_rep_kit_cd_reduction
243	part_aug_u_rep_kit_cd_reduction_sec
243	part_aug_u_rep_kit_duration
243	part_aug_u_rep_kit_duration_sec
243	part_aug_u_rep_kit_duration_sec_jak_vla
243	part_aug_unique_geigerroid_corrosive_sec
243	part_aug_unique_geigerroid_cryo_sec
243	part_aug_unique_geigerroid_fire_sec
243	part_aug_unique_geigerroid_radiation_sec
243	part_aug_unique_geigerroid_shock_sec
243	part_element_corrosive
243	part_element_cryo
243	part_element_fire
243	part_element_radiation
243	part_element_shock
243	part_firmware_action_fist
243	part_firmware_active_fire
243	part_firmware_airstrike
243	part_firmware_atlas_ex
243	part_firmware_atlas_infinum
243	part_firmware_baker
243	part_firmware_bruiser
243	part_firmware_bullets_to_spare
243	part_firmware_daeddy_o
243	part_firmware_deadeye
243	part_firmware_gadget_ahoy
243	part_firmware_get_throwin
243	part_firmware_god_killer
243	part_firmware_goojfc
243	part_firmware_heating_up
243	part_firmware_high_caliber
243	part_firmware_jacked
243	part_firmware_lifeblood
243	part_firmware_oscar_mike
243	part_firmware_reel_big_fist
243	part_firmware_risky_boots
243	part_firmware_rubberband_man
243	part_firmware_skillcraft
243	part_firmware_trickshot
243	part_payload_huge
243	part_payload_large
243	part_payload_medium
243	part_payload_small
244	comp_01_common
244	comp_02_uncommon
244	comp_03_rare
244	comp_04_epic
244	comp_05_legendary
244	part_firmware_action_fist
244	part_firmware_active_fire
244	part_firmware_airstrike
244	part_firmware_atlas_ex
244	part_firmware_atlas_infinum
244	part_firmware_baker
244	part_firmware_bruiser
244	part_firmware_bullets_to_spare
244	part_firmware_daeddy_o
244	part_firmware_deadeye
244	part_firmware_gadget_ahoy
244	part_firmware_get_throwin
244	part_firmware_god_killer
244	part_firmware_goojfc
244	part_firmware_heating_up
244	part_firmware_high_caliber
244	part_firmware_jacked
244	part_firmware_lifeblood
244	part_firmware_oscar_mike
244	part_firmware_reel_big_fist
244	part_firmware_risky_boots
244	part_firmware_rubberband_man
244	part_firmware_skillcraft
244	part_firmware_trickshot
245	comp_01_common
245	comp_02_uncommon
245	comp_03_rare
245	comp_04_epic
245	comp_05_legendary
245	part_01_mirv
245	part_01_mirv_01_children
245	part_01_mirv_02_bouncer
245	part_01_mirv_03_micro_mirv
245	part_01_mirv_04_spring
245	part_02_divider
245	part_02_divider_01_children
245	part_02_divider_02_seeker
245	part_02_divider_03_singularity
245	part_02_divider_04_repeater
245	part_02_divider_05_spring
245	part_03_spring
245	part_03_spring_01_additional_bounce
245	part_03_spring_02_apex
245	part_03_spring_03_compound
245	part_03_spring_04_bouncer
245	part_03_spring_05_spawning
245	part_04_artillery
245	part_04_artillery_01_duration
245	part_04_artillery_02_ricochet
245	part_04_artillery_03_micro_missiles
245	part_04_artillery_04_maglock
245	part_04_artillery_05_mortar_strike
245	part_05_singularity
245	part_05_singularity_01_duration
245	part_05_singularity_02_lingering
245	part_05_singularity_03_collapsing
245	part_05_singularity_04_repulsor
245	part_06_lingering_01_duration_bursts
245	part_06_lingering_01_duration_bursts_cryo
245	part_06_lingering_02_pulse
245	part_06_lingering_03_splat_pack
245	part_06_lingering_04_fracture
245	part_06_lingering_05_alchemic
245	part_06_lingering_corrosive
245	part_06_lingering_cryo
245	part_06_lingering_fire
245	part_06_lingering_radiation
245	part_06_lingering_shock
245	part_07_damage_amp
245	part_07_damage_amp_01_bouncing
245	part_07_damage_amp_02_suppressor
245	part_07_damage_amp_03_penetrator
245	part_corrosive
245	part_cryo
245	part_fire
245	part_firmware_action_fist
245	part_firmware_active_fire
245	part_firmware_airstrike
245	part_firmware_atlas_ex
245	part_firmware_atlas_infinum
245	part_firmware_baker
245	part_firmware_bruiser
245	part_firmware_bullets_to_spare
245	part_firmware_daeddy_o
245	part_firmware_deadeye
245	part_firmware_gadget_ahoy
245	part_firmware_get_throwin
245	part_firmware_god_killer
245	part_firmware_goojfc
245	part_firmware_heating_up
245	part_firmware_high_caliber
245	part_firmware_jacked
245	part_firmware_lifeblood
245	part_firmware_oscar_mike
245	part_firmware_reel_big_fist
245	part_firmware_risky_boots
245	part_firmware_rubberband_man
245	part_firmware_skillcraft
245	part_firmware_trickshot
245	part_normal
245	part_radiation
245	part_shock
245	part_stat_01_extra_charge
245	part_stat_02_cooldown_reduction
245	part_stat_03_damage
245	part_stat_04_jak_crit_damage
245	part_stat_04_radius
245	part_stat_05_elemental_power
245	part_stat_05_jak_oversized
245	part_stat_05_ord_wideload
245	part_stat_06_crit_chance
245	part_stat_07_nuke
245	part_stat_08_force
245	part_stat_09_transfusion
246	comp_01_common
246	comp_02_uncommon
246	comp_03_rare
246	comp_04_epic
246	comp_05_legendary
246	part_corrosive
246	part_cryo
246	part_fire
246	part_firmware_action_fist
246	part_firmware_active_fire
246	part_firmware_airstrike
246	part_firmware_atlas_ex
246	part_firmware_atlas_infinum
246	part_firmware_baker
246	part_firmware_bruiser
246	part_firmware_bullets_to_spare
246	part_firmware_daeddy_o
246	part_firmware_deadeye
246	part_firmware_gadget_ahoy
246	part_firmware_get_throwin
246	part_firmware_god_killer
246	part_firmware_goojfc
246	part_firmware_heating_up
246	part_firmware_high_caliber
246	part_firmware_jacked
246	part_firmware_lifeblood
246	part_firmware_oscar_mike
246	part_firmware_reel_big_fist
246	part_firmware_risky_boots
246	part_firmware_rubberband_man
246	part_firmware_skillcraft
246	part_firmware_trickshot
246	part_normal
246	part_radiation
246	part_shock
246	part_unv_absorb_primary
246	part_unv_absorb_secondary
246	part_unv_adaptive_primary
246	part_unv_adaptive_secondary
246	part_unv_capacity_primary
246	part_unv_capacity_secondary
246	part_unv_evasive_primary
246	part_unv_evasive_secondary
246	part_unv_health_booster_primary
246	part_unv_health_booster_secondary
246	part_unv_healthy_primary
246	part_unv_healthy_secondary
246	part_unv_mag_refresh_booster_primary
246	part_unv_mag_refresh_booster_secondary
246	part_unv_overshield_booster_primary
246	part_unv_overshield_booster_secondary
246	part_unv_pinpoint_primary
246	part_unv_pinpoint_secondary
246	part_unv_power_booster_primary
246	part_unv_power_booster_secondary
246	part_unv_reflect_primary
246	part_unv_reflect_secondary
246	part_unv_resistant_primary
246	part_unv_resistant_secondary
246	part_unv_spike_primary
246	part_unv_spike_secondary
246	part_unv_sturdy_primary
246	part_unv_sturdy_secondary
246	part_unv_turtle_primary
246	part_unv_turtle_secondary
246	part_unv_utility_primary
246	part_unv_utility_secondary
247	comp_01_common
247	comp_02_uncommon
247	comp_03_rare
247	comp_04_epic
247	comp_05_legendary
247	part_body_01_common
247	part_body_02_uncommon
247	part_body_03_rare
247	part_body_04_epic
247	part_body_05_legendary
247	part_firmware_action_fist
247	part_firmware_active_fire
247	part_firmware_airstrike
247	part_firmware_atlas_ex
247	part_firmware_atlas_infinum
247	part_firmware_baker
247	part_firmware_bruiser
247	part_firmware_bullets_to_spare
247	part_firmware_daeddy_o
247	part_firmware_deadeye
247	part_firmware_gadget_ahoy
247	part_firmware_get_throwin
247	part_firmware_god_killer
247	part_firmware_goojfc
247	part_firmware_heating_up
247	part_firmware_high_caliber
247	part_firmware_jacked
247	part_firmware_lifeblood
247	part_firmware_oscar_mike
247	part_firmware_reel_big_fist
247	part_firmware_risky_boots
247	part_firmware_rubberband_man
247	part_firmware_skillcraft
247	part_firmware_trickshot
247	part_stat2_statuseffect_chance
247	part_stat2_statuseffect_damage
247	part_stat2_weapon_accuracy
247	part_stat2_weapon_ads_proficiency
247	part_stat2_weapon_criticaldamage
247	part_stat2_weapon_damage
247	part_stat2_weapon_equipspeed
247	part_stat2_weapon_firerate
247	part_stat2_weapon_magsize
247	part_stat2_weapon_reloadspeed
247	part_stat2_weapon_splashdamage
247	part_stat2_weapon_splashradius
247	part_stat2_wt_ar_accuracy
247	part_stat2_wt_ar_ads_proficiency
247	part_stat2_wt_ar_criticaldamage
247	part_stat2_wt_ar_damage
247	part_stat2_wt_ar_equipspeed
247	part_stat2_wt_ar_firerate
247	part_stat2_wt_ar_magsize
247	part_stat2_wt_ar_reloadspeed
247	part_stat2_wt_ar_splashdamage
247	part_stat2_wt_ar_splashradius
247	part_stat2_wt_ar_statuseffectchance
247	part_stat2_wt_ar_statuseffectdamage
247	part_stat2_wt_ps_accuracy
247	part_stat2_wt_ps_ads_proficiency
247	part_stat2_wt_ps_criticaldamage
247	part_stat2_wt_ps_damage
247	part_stat2_wt_ps_equipspeed
247	part_stat2_wt_ps_firerate
247	part_stat2_wt_ps_magsize
247	part_stat2_wt_ps_reloadspeed
247	part_stat2_wt_ps_splashdamage
247	part_stat2_wt_ps_splashradius
247	part_stat2_wt_ps_statuseffectchance
247	part_stat2_wt_ps_statuseffectdamage
247	part_stat2_wt_sg_accuracy
247	part_stat2_wt_sg_ads_proficiency
247	part_stat2_wt_sg_criticaldamage
247	part_stat2_wt_sg_damage
247	part_stat2_wt_sg_equipspeed
247	part_stat2_wt_sg_firerate
247	part_stat2_wt_sg_magsize
247	part_stat2_wt_sg_reloadspeed
247	part_stat2_wt_sg_splashdamage
247	part_stat2_wt_sg_splashradius
247	part_stat2_wt_sg_statuseffectchance
247	part_stat2_wt_sg_statuseffectdamage
247	part_stat2_wt_sm_accuracy
247	part_stat2_wt_sm_ads_proficiency
247	part_stat2_wt_sm_criticaldamage
247	part_stat2_wt_sm_damage
247	part_stat2_wt_sm_equipspeed
247	part_stat2_wt_sm_firerate
247	part_stat2_wt_sm_magsize
247	part_stat2_wt_sm_reloadspeed
247	part_stat2_wt_sm_splashdamage
247	part_stat2_wt_sm_splashradius
247	part_stat2_wt_sm_statuseffectchance
247	part_stat2_wt_sm_statuseffectdamage
247	part_stat2_wt_sr_accuracy
247	part_stat2_wt_sr_ads_proficiency
247	part_stat2_wt_sr_criticaldamage
247	part_stat2_wt_sr_damage
247	part_stat2_wt_sr_equipspeed
247	part_stat2_wt_sr_firerate
247	part_stat2_wt_sr_magsize
247	part_stat2_wt_sr_reloadspeed
247	part_stat2_wt_sr_splashdamage
247	part_stat2_wt_sr_splashradius
247	part_stat2_wt_sr_statuseffectchance
247	part_stat2_wt_sr_statuseffectdamage
247	part_stat3_statuseffect_chance
247	part_stat3_statuseffect_damage
247	part_stat3_weapon_accuracy
247	part_stat3_weapon_ads_proficiency
247	part_stat3_weapon_criticaldamage
247	part_stat3_weapon_damage
247	part_stat3_weapon_equipspeed
247	part_stat3_weapon_firerate
247	part_stat3_weapon_magsize
247	part_stat3_weapon_reloadspeed
247	part_stat3_weapon_splashdamage
247	part_stat3_weapon_splashradius
247	part_stat3_wt_ar_accuracy
247	part_stat3_wt_ar_ads_proficiency
247	part_stat3_wt_ar_criticaldamage
247	part_stat3_wt_ar_damage
247	part_stat3_wt_ar_equipspeed
247	part_stat3_wt_ar_firerate
247	part_stat3_wt_ar_magsize
247	part_stat3_wt_ar_reloadspeed
247	part_stat3_wt_ar_splashdamage
247	part_stat3_wt_ar_splashradius
247	part_stat3_wt_ar_statuseffectchance
247	part_stat3_wt_ar_statuseffectdamage
247	part_stat3_wt_ps_accuracy
247	part_stat3_wt_ps_ads_proficiency
247	part_stat3_wt_ps_criticaldamage
247	part_stat3_wt_ps_damage
247	part_stat3_wt_ps_equipspeed
247	part_stat3_wt_ps_firerate
247	part_stat3_wt_ps_magsize
247	part_stat3_wt_ps_reloadspeed
247	part_stat3_wt_ps_splashdamage
247	part_stat3_wt_ps_splashradius
247	part_stat3_wt_ps_statuseffectchance
247	part_stat3_wt_ps_statuseffectdamage
247	part_stat3_wt_sg_accuracy
247	part_stat3_wt_sg_ads_proficiency
247	part_stat3_wt_sg_criticaldamage
247	part_stat3_wt_sg_damage
247	part_stat3_wt_sg_equipspeed
247	part_stat3_wt_sg_firerate
247	part_stat3_wt_sg_magsize
247	part_stat3_wt_sg_reloadspeed
247	part_stat3_wt_sg_splashdamage
247	part_stat3_wt_sg_splashradius
247	part_stat3_wt_sg_statuseffectchance
247	part_stat3_wt_sg_statuseffectdamage
247	part_stat3_wt_sm_accuracy
247	part_stat3_wt_sm_ads_proficiency
247	part_stat3_wt_sm_criticaldamage
247	part_stat3_wt_sm_damage
247	part_stat3_wt_sm_equipspeed
247	part_stat3_wt_sm_firerate
247	part_stat3_wt_sm_magsize
247	part_stat3_wt_sm_reloadspeed
247	part_stat3_wt_sm_splashdamage
247	part_stat3_wt_sm_splashradius
247	part_stat3_wt_sm_statuseffectchance
247	part_stat3_wt_sm_statuseffectdamage
247	part_stat3_wt_sr_accuracy
247	part_stat3_wt_sr_ads_proficiency
247	part_stat3_wt_sr_criticaldamage
247	part_stat3_wt_sr_damage
247	part_stat3_wt_sr_equipspeed
247	part_stat3_wt_sr_firerate
247	part_stat3_wt_sr_magsize
247	part_stat3_wt_sr_reloadspeed
247	part_stat3_wt_sr_splashdamage
247	part_stat3_wt_sr_splashradius
247	part_stat3_wt_sr_statuseffectchance
247	part_stat3_wt_sr_statuseffectdamage
247	part_stat_statuseffect_chance
247	part_stat_statuseffect_damage
247	part_stat_weapon_accuracy
247	part_stat_weapon_ads_proficiency
247	part_stat_weapon_criticaldamage
247	part_stat_weapon_damage
247	part_stat_weapon_equipspeed
247	part_stat_weapon_firerate
247	part_stat_weapon_magsize
247	part_stat_weapon_reloadspeed
247	part_stat_weapon_splashdamage
247	part_stat_weapon_splashradius
247	part_stat_wt_ar_accuracy
247	part_stat_wt_ar_ads_proficiency
247	part_stat_wt_ar_criticaldamage
247	part_stat_wt_ar_damage
247	part_stat_wt_ar_equipspeed
247	part_stat_wt_ar_firerate
247	part_stat_wt_ar_magsize
247	part_stat_wt_ar_reloadspeed
247	part_stat_wt_ar_splashdamage
247	part_stat_wt_ar_splashradius
247	part_stat_wt_ar_statuseffectchance
247	part_stat_wt_ar_statuseffectdamage
247	part_stat_wt_ps_accuracy
247	part_stat_wt_ps_ads_proficiency
247	part_stat_wt_ps_criticaldamage
247	part_stat_wt_ps_damage
247	part_stat_wt_ps_equipspeed
247	part_stat_wt_ps_firerate
247	part_stat_wt_ps_magsize
247	part_stat_wt_ps_reloadspeed
247	part_stat_wt_ps_splashdamage
247	part_stat_wt_ps_splashradius
247	part_stat_wt_ps_statuseffectchance
247	part_stat_wt_ps_statuseffectdamage
247	part_stat_wt_sg_accuracy
247	part_stat_wt_sg_ads_proficiency
247	part_stat_wt_sg_criticaldamage
247	part_stat_wt_sg_damage
247	part_stat_wt_sg_equipspeed
247	part_stat_wt_sg_firerate
247	part_stat_wt_sg_magsize
247	part_stat_wt_sg_reloadspeed
247	part_stat_wt_sg_splashdamage
247	part_stat_wt_sg_splashradius
247	part_stat_wt_sg_statuseffectchance
247	part_stat_wt_sg_statuseffectdamage
247	part_stat_wt_sm_accuracy
247	part_stat_wt_sm_ads_proficiency
247	part_stat_wt_sm_criticaldamage
247	part_stat_wt_sm_damage
247	part_stat_wt_sm_equipspeed
247	part_stat_wt_sm_firerate
247	part_stat_wt_sm_magsize
247	part_stat_wt_sm_reloadspeed
247	part_stat_wt_sm_splashdamage
247	part_stat_wt_sm_splashradius
247	part_stat_wt_sm_statuseffectchance
247	part_stat_wt_sm_statuseffectdamage
247	part_stat_wt_sr_accuracy
247	part_stat_wt_sr_ads_proficiency
247	part_stat_wt_sr_criticaldamage
247	part_stat_wt_sr_damage
247	part_stat_wt_sr_equipspeed
247	part_stat_wt_sr_firerate
247	part_stat_wt_sr_magsize
247	part_stat_wt_sr_reloadspeed
247	part_stat_wt_sr_splashdamage
247	part_stat_wt_sr_splashradius
247	part_stat_wt_sr_statuseffectchance
247	part_stat_wt_sr_statuseffectdamage
248	comp_01_common
248	comp_02_uncommon
248	comp_03_rare
248	comp_04_epic
248	comp_05_legendary
248	part_eng_amp_primary
248	part_eng_amp_secondary
248	part_eng_berserker_primary
248	part_eng_berserker_secondary
248	part_eng_brimming_primary
248	part_eng_brimming_secondary
248	part_eng_fleeting_primary
248	part_eng_fleeting_secondary
248	part_eng_nova_primary
248	part_eng_nova_secondary
248	part_eng_recharge_delay_primary
248	part_eng_recharge_delay_secondary
248	part_eng_recharge_rate_primary
248	part_eng_recharge_rate_secondary
248	part_eng_shield_booster_primary
248	part_eng_shield_booster_secondary
248	part_eng_siphon_primary
248	part_eng_siphon_secondary
248	part_eng_trigger_happy_primary
248	part_eng_trigger_happy_secondary
248	part_eng_vagabond_primary
248	part_eng_vagabond_secondary
254	body_01
254	body_02
254	body_03
254	body_04
254	body_05
254	body_06
254	body_07
254	body_08
254	body_09
254	body_10
254	comp_01_common
254	comp_02_uncommon
254	comp_03_rare
254	comp_04_epic
254	comp_05_legendary_01
254	comp_05_legendary_02
254	comp_05_legendary_03
254	comp_05_legendary_04
254	comp_05_legendary_05
254	comp_05_legendary_06
254	comp_05_legendary_cowbell
254	comp_05_legendary_raid1
254	comp_05_legendary_raid2
254	comp_05_legendary_tuba
254	leg_body_01
254	leg_body_02
254	leg_body_03
254	leg_body_04
254	leg_body_05
254	leg_body_06
254	leg_body_cowbell
254	leg_body_raid1
254	leg_body_raid2
254	leg_body_tuba
254	passive_blue_1_1_tier_1
254	passive_blue_1_1_tier_2
254	passive_blue_1_1_tier_3
254	passive_blue_1_1_tier_4
254	passive_blue_1_1_tier_5
254	passive_blue_1_2_tier_1
254	passive_blue_1_2_tier_2
254	passive_blue_1_2_tier_3
254	passive_blue_1_2_tier_4
254	passive_blue_1_2_tier_5
254	passive_blue_1_3_tier_1
254	passive_blue_1_3_tier_2
254	passive_blue_1_3_tier_3
254	passive_blue_1_3_tier_4
254	passive_blue_1_3_tier_5
254	passive_blue_1_4_tier_1
254	passive_blue_1_4_tier_2
254	passive_blue_1_4_tier_3
254	passive_blue_1_4_tier_4
254	passive_blue_1_4_tier_5
254	passive_blue_1_5_tier_1
254	passive_blue_1_5_tier_2
254	passive_blue_1_5_tier_3
254	passive_blue_1_5_tier_4
254	passive_blue_1_5_tier_5
254	passive_blue_2_1_tier_1
254	passive_blue_2_1_tier_2
254	passive_blue_2_1_tier_3
254	passive_blue_2_1_tier_4
254	passive_blue_2_1_tier_5
254	passive_blue_2_3_tier_1
254	passive_blue_2_3_tier_2
254	passive_blue_2_3_tier_3
254	passive_blue_2_3_tier_4
254	passive_blue_2_3_tier_5
254	passive_blue_2_5_tier_1
254	passive_blue_2_5_tier_2
254	passive_blue_2_5_tier_3
254	passive_blue_2_5_tier_4
254	passive_blue_2_5_tier_5
254	passive_blue_3_1_tier_1
254	passive_blue_3_1_tier_2
254	passive_blue_3_1_tier_3
254	passive_blue_3_1_tier_4
254	passive_blue_3_1_tier_5
254	passive_blue_3_2_tier_1
254	passive_blue_3_2_tier_2
254	passive_blue_3_2_tier_3
254	passive_blue_3_2_tier_4
254	passive_blue_3_2_tier_5
254	passive_blue_3_3_tier_1
254	passive_blue_3_3_tier_2
254	passive_blue_3_3_tier_3
254	passive_blue_3_3_tier_4
254	passive_blue_3_3_tier_5
254	passive_blue_3_4_tier_1
254	passive_blue_3_4_tier_2
254	passive_blue_3_4_tier_3
254	passive_blue_3_4_tier_4
254	passive_blue_3_4_tier_5
254	passive_blue_3_5_tier_1
254	passive_blue_3_5_tier_2
254	passive_blue_3_5_tier_3
254	passive_blue_3_5_tier_4
254	passive_blue_3_5_tier_5
254	passive_blue_left_4_1_tier_1
254	passive_blue_left_4_1_tier_2
254	passive_blue_left_4_1_tier_3
254	passive_blue_left_4_1_tier_4
254	passive_blue_left_4_1_tier_5
254	passive_blue_left_4_3_tier_1
254	passive_blue_left_4_3_tier_2
254	passive_blue_left_4_3_tier_3
254	passive_blue_left_4_3_tier_4
254	passive_blue_left_4_3_tier_5
254	passive_blue_left_5_1_tier_1
254	passive_blue_left_5_1_tier_2
254	passive_blue_left_5_1_tier_3
254	passive_blue_left_5_1_tier_4
254	passive_blue_left_5_1_tier_5
254	passive_blue_left_5_2_tier_1
254	passive_blue_left_5_2_tier_2
254	passive_blue_left_5_2_tier_3
254	passive_blue_left_5_2_tier_4
254	passive_blue_left_5_2_tier_5
254	passive_blue_left_5_3_tier_1
254	passive_blue_left_5_3_tier_2
254	passive_blue_left_5_3_tier_3
254	passive_blue_left_5_3_tier_4
254	passive_blue_left_5_3_tier_5
254	passive_blue_left_6_1_tier_1
254	passive_blue_left_6_1_tier_2
254	passive_blue_left_6_1_tier_3
254	passive_blue_left_6_1_tier_4
254	passive_blue_left_6_1_tier_5
254	passive_blue_left_6_3_tier_1
254	passive_blue_left_6_3_tier_2
254	passive_blue_left_6_3_tier_3
254	passive_blue_left_6_3_tier_4
254	passive_blue_left_6_3_tier_5
254	passive_blue_mid_4_1_tier_1
254	passive_blue_mid_4_1_tier_2
254	passive_blue_mid_4_1_tier_3
254	passive_blue_mid_4_1_tier_4
254	passive_blue_mid_4_1_tier_5
254	passive_blue_mid_4_3_tier_1
254	passive_blue_mid_4_3_tier_2
254	passive_blue_mid_4_3_tier_3
254	passive_blue_mid_4_3_tier_4
254	passive_blue_mid_4_3_tier_5
254	passive_blue_mid_5_1_tier_1
254	passive_blue_mid_5_1_tier_2
254	passive_blue_mid_5_1_tier_3
254	passive_blue_mid_5_1_tier_4
254	passive_blue_mid_5_1_tier_5
254	passive_blue_mid_5_2_tier_1
254	passive_blue_mid_5_2_tier_2
254	passive_blue_mid_5_2_tier_3
254	passive_blue_mid_5_2_tier_4
254	passive_blue_mid_5_2_tier_5
254	passive_blue_mid_5_3_tier_1
254	passive_blue_mid_5_3_tier_2
254	passive_blue_mid_5_3_tier_3
254	passive_blue_mid_5_3_tier_4
254	passive_blue_mid_5_3_tier_5
254	passive_blue_mid_6_1_tier_1
254	passive_blue_mid_6_1_tier_2
254	passive_blue_mid_6_1_tier_3
254	passive_blue_mid_6_1_tier_4
254	passive_blue_mid_6_1_tier_5
254	passive_blue_mid_6_3_tier_1
254	passive_blue_mid_6_3_tier_2
254	passive_blue_mid_6_3_tier_3
254	passive_blue_mid_6_3_tier_4
254	passive_blue_mid_6_3_tier_5
254	passive_blue_right_4_1_tier_1
254	passive_blue_right_4_1_tier_2
254	passive_blue_right_4_1_tier_3
254	passive_blue_right_4_1_tier_4
254	passive_blue_right_4_1_tier_5
254	passive_blue_right_4_3_tier_1
254	passive_blue_right_4_3_tier_2
254	passive_blue_right_4_3_tier_3
254	passive_blue_right_4_3_tier_4
254	passive_blue_right_4_3_tier_5
254	passive_blue_right_5_1_tier_1
254	passive_blue_right_5_1_tier_2
254	passive_blue_right_5_1_tier_3
254	passive_blue_right_5_1_tier_4
254	passive_blue_right_5_1_tier_5
254	passive_blue_right_5_2_tier_1
254	passive_blue_right_5_2_tier_2
254	passive_blue_right_5_2_tier_3
254	passive_blue_right_5_2_tier_4
254	passive_blue_right_5_2_tier_5
254	passive_blue_right_5_3_tier_1
254	passive_blue_right_5_3_tier_2
254	passive_blue_right_5_3_tier_3
254	passive_blue_right_5_3_tier_4
254	passive_blue_right_5_3_tier_5
254	passive_blue_right_6_1_tier_1
254	passive_blue_right_6_1_tier_2
254	passive_blue_right_6_1_tier_3
254	passive_blue_right_6_1_tier_4
254	passive_blue_right_6_1_tier_5
254	passive_blue_right_6_3_tier_1
254	passive_blue_right_6_3_tier_2
254	passive_blue_right_6_3_tier_3
254	passive_blue_right_6_3_tier_4
254	passive_blue_right_6_3_tier_5
254	passive_green_1_1_tier_1
254	passive_green_1_1_tier_2
254	passive_green_1_1_tier_3
254	passive_green_1_1_tier_4
254	passive_green_1_1_tier_5
254	passive_green_1_2_tier_1
254	passive_green_1_2_tier_2
254	passive_green_1_2_tier_3
254	passive_green_1_2_tier_4
254	passive_green_1_2_tier_5
254	passive_green_1_3_tier_1
254	passive_green_1_3_tier_2
254	passive_green_1_3_tier_3
254	passive_green_1_3_tier_4
254	passive_green_1_3_tier_5
254	passive_green_1_4_tier_1
254	passive_green_1_4_tier_2
254	passive_green_1_4_tier_3
254	passive_green_1_4_tier_4
254	passive_green_1_4_tier_5
254	passive_green_1_5_tier_1
254	passive_green_1_5_tier_2
254	passive_green_1_5_tier_3
254	passive_green_1_5_tier_4
254	passive_green_1_5_tier_5
254	passive_green_2_1_tier_1
254	passive_green_2_1_tier_2
254	passive_green_2_1_tier_3
254	passive_green_2_1_tier_4
254	passive_green_2_1_tier_5
254	passive_green_2_3_tier_1
254	passive_green_2_3_tier_2
254	passive_green_2_3_tier_3
254	passive_green_2_3_tier_4
254	passive_green_2_3_tier_5
254	passive_green_2_5_tier_1
254	passive_green_2_5_tier_2
254	passive_green_2_5_tier_3
254	passive_green_2_5_tier_4
254	passive_green_2_5_tier_5
254	passive_green_3_1_tier_1
254	passive_green_3_1_tier_2
254	passive_green_3_1_tier_3
254	passive_green_3_1_tier_4
254	passive_green_3_1_tier_5
254	passive_green_3_2_tier_1
254	passive_green_3_2_tier_2
254	passive_green_3_2_tier_3
254	passive_green_3_2_tier_4
254	passive_green_3_2_tier_5
254	passive_green_3_3_tier_1
254	passive_green_3_3_tier_2
254	passive_green_3_3_tier_3
254	passive_green_3_3_tier_4
254	passive_green_3_3_tier_5
254	passive_green_3_4_tier_1
254	passive_green_3_4_tier_2
254	passive_green_3_4_tier_3
254	passive_green_3_4_tier_4
254	passive_green_3_4_tier_5
254	passive_green_3_5_tier_1
254	passive_green_3_5_tier_2
254	passive_green_3_5_tier_3
254	passive_green_3_5_tier_4
254	passive_green_3_5_tier_5
254	passive_green_left_4_1_tier_1
254	passive_green_left_4_1_tier_2
254	passive_green_left_4_1_tier_3
254	passive_green_left_4_1_tier_4
254	passive_green_left_4_1_tier_5
254	passive_green_left_4_3_tier_1
254	passive_green_left_4_3_tier_2
254	passive_green_left_4_3_tier_3
254	passive_green_left_4_3_tier_4
254	passive_green_left_4_3_tier_5
254	passive_green_left_5_1_tier_1
254	passive_green_left_5_1_tier_2
254	passive_green_left_5_1_tier_3
254	passive_green_left_5_1_tier_4
254	passive_green_left_5_1_tier_5
254	passive_green_left_5_2_tier_1
254	passive_green_left_5_2_tier_2
254	passive_green_left_5_2_tier_3
254	passive_green_left_5_2_tier_4
254	passive_green_left_5_2_tier_5
254	passive_green_left_5_3_tier_1
254	passive_green_left_5_3_tier_2
254	passive_green_left_5_3_tier_3
254	passive_green_left_5_3_tier_4
254	passive_green_left_5_3_tier_5
254	passive_green_left_6_1_tier_1
254	passive_green_left_6_1_tier_2
254	passive_green_left_6_1_tier_3
254	passive_green_left_6_1_tier_4
254	passive_green_left_6_1_tier_5
254	passive_green_left_6_3_tier_1
254	passive_green_left_6_3_tier_2
254	passive_green_left_6_3_tier_3
254	passive_green_left_6_3_tier_4
254	passive_green_left_6_3_tier_5
254	passive_green_mid_4_1_tier_1
254	passive_green_mid_4_1_tier_2
254	passive_green_mid_4_1_tier_3
254	passive_green_mid_4_1_tier_4
254	passive_green_mid_4_1_tier_5
254	passive_green_mid_4_3_tier_1
254	passive_green_mid_4_3_tier_2
254	passive_green_mid_4_3_tier_3
254	passive_green_mid_4_3_tier_4
254	passive_green_mid_4_3_tier_5
254	passive_green_mid_5_1_tier_1
254	passive_green_mid_5_1_tier_2
254	passive_green_mid_5_1_tier_3
254	passive_green_mid_5_1_tier_4
254	passive_green_mid_5_1_tier_5
254	passive_green_mid_5_2_tier_1
254	passive_green_mid_5_2_tier_2
254	passive_green_mid_5_2_tier_3
254	passive_green_mid_5_2_tier_4
254	passive_green_mid_5_2_tier_5
254	passive_green_mid_5_3_tier_1
254	passive_green_mid_5_3_tier_2
254	passive_green_mid_5_3_tier_3
254	passive_green_mid_5_3_tier_4
254	passive_green_mid_5_3_tier_5
254	passive_green_mid_6_1_tier_1
254	passive_green_mid_6_1_tier_2
254	passive_green_mid_6_1_tier_3
254	passive_green_mid_6_1_tier_4
254	passive_green_mid_6_1_tier_5
254	passive_green_mid_6_3_tier_1
254	passive_green_mid_6_3_tier_2
254	passive_green_mid_6_3_tier_3
254	passive_green_mid_6_3_tier_4
254	passive_green_mid_6_3_tier_5
254	passive_green_right_4_1_tier_1
254	passive_green_right_4_1_tier_2
254	passive_green_right_4_1_tier_3
254	passive_green_right_4_1_tier_4
254	passive_green_right_4_1_tier_5
254	passive_green_right_4_3_tier_1
254	passive_green_right_4_3_tier_2
254	passive_green_right_4_3_tier_3
254	passive_green_right_4_3_tier_4
254	passive_green_right_4_3_tier_5
254	passive_green_right_5_1_tier_1
254	passive_green_right_5_1_tier_2
254	passive_green_right_5_1_tier_3
254	passive_green_right_5_1_tier_4
254	passive_green_right_5_1_tier_5
254	passive_green_right_5_2_tier_1
254	passive_green_right_5_2_tier_2
254	passive_green_right_5_2_tier_3
254	passive_green_right_5_2_tier_4
254	passive_green_right_5_2_tier_5
254	passive_green_right_5_3_tier_1
254	passive_green_right_5_3_tier_2
254	passive_green_right_5_3_tier_3
254	passive_green_right_5_3_tier_4
254	passive_green_right_5_3_tier_5
254	passive_green_right_6_1_tier_1
254	passive_green_right_6_1_tier_2
254	passive_green_right_6_1_tier_3
254	passive_green_right_6_1_tier_4
254	passive_green_right_6_1_tier_5
254	passive_green_right_6_3_tier_1
254	passive_green_right_6_3_tier_2
254	passive_green_right_6_3_tier_3
254	passive_green_right_6_3_tier_4
254	passive_green_right_6_3_tier_5
254	passive_red_1_1_tier_1
254	passive_red_1_1_tier_2
254	passive_red_1_1_tier_3
254	passive_red_1_1_tier_4
254	passive_red_1_1_tier_5
254	passive_red_1_2_tier_1
254	passive_red_1_2_tier_2
254	passive_red_1_2_tier_3
254	passive_red_1_2_tier_4
254	passive_red_1_2_tier_5
254	passive_red_1_3_tier_1
254	passive_red_1_3_tier_2
254	passive_red_1_3_tier_3
254	passive_red_1_3_tier_4
254	passive_red_1_3_tier_5
254	passive_red_1_4_tier_1
254	passive_red_1_4_tier_2
254	passive_red_1_4_tier_3
254	passive_red_1_4_tier_4
254	passive_red_1_4_tier_5
254	passive_red_1_5_tier_1
254	passive_red_1_5_tier_2
254	passive_red_1_5_tier_3
254	passive_red_1_5_tier_4
254	passive_red_1_5_tier_5
254	passive_red_2_1_tier_1
254	passive_red_2_1_tier_2
254	passive_red_2_1_tier_3
254	passive_red_2_1_tier_4
254	passive_red_2_1_tier_5
254	passive_red_2_3_tier_1
254	passive_red_2_3_tier_2
254	passive_red_2_3_tier_3
254	passive_red_2_3_tier_4
254	passive_red_2_3_tier_5
254	passive_red_2_5_tier_1
254	passive_red_2_5_tier_2
254	passive_red_2_5_tier_3
254	passive_red_2_5_tier_4
254	passive_red_2_5_tier_5
254	passive_red_3_1_tier_1
254	passive_red_3_1_tier_2
254	passive_red_3_1_tier_3
254	passive_red_3_1_tier_4
254	passive_red_3_1_tier_5
254	passive_red_3_2_tier_1
254	passive_red_3_2_tier_2
254	passive_red_3_2_tier_3
254	passive_red_3_2_tier_4
254	passive_red_3_2_tier_5
254	passive_red_3_3_tier_1
254	passive_red_3_3_tier_2
254	passive_red_3_3_tier_3
254	passive_red_3_3_tier_4
254	passive_red_3_3_tier_5
254	passive_red_3_4_tier_1
254	passive_red_3_4_tier_2
254	passive_red_3_4_tier_3
254	passive_red_3_4_tier_4
254	passive_red_3_4_tier_5
254	passive_red_3_5_tier_1
254	passive_red_3_5_tier_2
254	passive_red_3_5_tier_3
254	passive_red_3_5_tier_4
254	passive_red_3_5_tier_5
254	passive_red_left_4_1_tier_1
254	passive_red_left_4_1_tier_2
254	passive_red_left_4_1_tier_3
254	passive_red_left_4_1_tier_4
254	passive_red_left_4_1_tier_5
254	passive_red_left_4_3_tier_1
254	passive_red_left_4_3_tier_2
254	passive_red_left_4_3_tier_3
254	passive_red_left_4_3_tier_4
254	passive_red_left_4_3_tier_5
254	passive_red_left_5_1_tier_1
254	passive_red_left_5_1_tier_2
254	passive_red_left_5_1_tier_3
254	passive_red_left_5_1_tier_4
254	passive_red_left_5_1_tier_5
254	passive_red_left_5_2_tier_1
254	passive_red_left_5_2_tier_2
254	passive_red_left_5_2_tier_3
254	passive_red_left_5_2_tier_4
254	passive_red_left_5_2_tier_5
254	passive_red_left_5_3_tier_1
254	passive_red_left_5_3_tier_2
254	passive_red_left_5_3_tier_3
254	passive_red_left_5_3_tier_4
254	passive_red_left_5_3_tier_5
254	passive_red_left_6_1_tier_1
254	passive_red_left_6_1_tier_2
254	passive_red_left_6_1_tier_3
254	passive_red_left_6_1_tier_4
254	passive_red_left_6_1_tier_5
254	passive_red_left_6_3_tier_1
254	passive_red_left_6_3_tier_2
254	passive_red_left_6_3_tier_3
254	passive_red_left_6_3_tier_4
254	passive_red_left_6_3_tier_5
254	passive_red_mid_4_1_tier_1
254	passive_red_mid_4_1_tier_2
254	passive_red_mid_4_1_tier_3
254	passive_red_mid_4_1_tier_4
254	passive_red_mid_4_1_tier_5
254	passive_red_mid_4_3_tier_1
254	passive_red_mid_4_3_tier_2
254	passive_red_mid_4_3_tier_3
254	passive_red_mid_4_3_tier_4
254	passive_red_mid_4_3_tier_5
254	passive_red_mid_5_1_tier_1
254	passive_red_mid_5_1_tier_2
254	passive_red_mid_5_1_tier_3
254	passive_red_mid_5_1_tier_4
254	passive_red_mid_5_1_tier_5
254	passive_red_mid_5_2_tier_1
254	passive_red_mid_5_2_tier_2
254	passive_red_mid_5_2_tier_3
254	passive_red_mid_5_2_tier_4
254	passive_red_mid_5_2_tier_5
254	passive_red_mid_5_3_tier_1
254	passive_red_mid_5_3_tier_2
254	passive_red_mid_5_3_tier_3
254	passive_red_mid_5_3_tier_4
254	passive_red_mid_5_3_tier_5
254	passive_red_mid_6_1_tier_1
254	passive_red_mid_6_1_tier_2
254	passive_red_mid_6_1_tier_3
254	passive_red_mid_6_1_tier_4
254	passive_red_mid_6_1_tier_5
254	passive_red_mid_6_3_tier_1
254	passive_red_mid_6_3_tier_2
254	passive_red_mid_6_3_tier_3
254	passive_red_mid_6_3_tier_4
254	passive_red_mid_6_3_tier_5
254	passive_red_right_4_1_tier_1
254	passive_red_right_4_1_tier_2
254	passive_red_right_4_1_tier_3
254	passive_red_right_4_1_tier_4
254	passive_red_right_4_1_tier_5
254	passive_red_right_4_3_tier_1
254	passive_red_right_4_3_tier_2
254	passive_red_right_4_3_tier_3
254	passive_red_right_4_3_tier_4
254	passive_red_right_4_3_tier_5
254	passive_red_right_5_1_tier_1
254	passive_red_right_5_1_tier_2
254	passive_red_right_5_1_tier_3
254	passive_red_right_5_1_tier_4
254	passive_red_right_5_1_tier_5
254	passive_red_right_5_2_tier_1
254	passive_red_right_5_2_tier_2
254	passive_red_right_5_2_tier_3
254	passive_red_right_5_2_tier_4
254	passive_red_right_5_2_tier_5
254	passive_red_right_5_3_tier_1
254	passive_red_right_5_3_tier_2
254	passive_red_right_5_3_tier_3
254	passive_red_right_5_3_tier_4
254	passive_red_right_5_3_tier_5
254	passive_red_right_6_1_tier_1
254	passive_red_right_6_1_tier_2
254	passive_red_right_6_1_tier_3
254	passive_red_right_6_1_tier_4
254	passive_red_right_6_1_tier_5
254	passive_red_right_6_3_tier_1
254	passive_red_right_6_3_tier_2
254	passive_red_right_6_3_tier_3
254	passive_red_right_6_3_tier_4
254	passive_red_right_6_3_tier_5
255	body_01
255	body_02
255	body_03
255	body_04
255	body_05
255	body_06
255	body_07
255	body_08
255	body_09
255	body_10
255	comp_01_common
255	comp_02_uncommon
255	comp_03_rare
255	comp_04_epic
255	comp_05_legendary_01
255	comp_05_legendary_02
255	comp_05_legendary_03
255	comp_05_legendary_04
255	comp_05_legendary_05
255	comp_05_legendary_06
255	comp_05_legendary_cowbell
255	comp_05_legendary_raid1
255	comp_05_legendary_raid2
255	comp_05_legendary_tuba
255	leg_body_01
255	leg_body_02
255	leg_body_03
255	leg_body_04
255	leg_body_05
255	leg_body_06
255	leg_body_cowbell
255	leg_body_raid1
255	leg_body_raid2
255	leg_body_tuba
255	passive_blue_1_1_tier_1
255	passive_blue_1_1_tier_2
255	passive_blue_1_1_tier_3
255	passive_blue_1_1_tier_4
255	passive_blue_1_1_tier_5
255	passive_blue_1_2_tier_1
255	passive_blue_1_2_tier_2
255	passive_blue_1_2_tier_3
255	passive_blue_1_2_tier_4
255	passive_blue_1_2_tier_5
255	passive_blue_1_3_tier_1
255	passive_blue_1_3_tier_2
255	passive_blue_1_3_tier_3
255	passive_blue_1_3_tier_4
255	passive_blue_1_3_tier_5
255	passive_blue_1_4_tier_1
255	passive_blue_1_4_tier_2
255	passive_blue_1_4_tier_3
255	passive_blue_1_4_tier_4
255	passive_blue_1_4_tier_5
255	passive_blue_1_5_tier_1
255	passive_blue_1_5_tier_2
255	passive_blue_1_5_tier_3
255	passive_blue_1_5_tier_4
255	passive_blue_1_5_tier_5
255	passive_blue_2_1_tier_1
255	passive_blue_2_1_tier_2
255	passive_blue_2_1_tier_3
255	passive_blue_2_1_tier_4
255	passive_blue_2_1_tier_5
255	passive_blue_2_3_tier_1
255	passive_blue_2_3_tier_2
255	passive_blue_2_3_tier_3
255	passive_blue_2_3_tier_4
255	passive_blue_2_3_tier_5
255	passive_blue_2_3_tiers_1
255	passive_blue_2_5_tier_1
255	passive_blue_2_5_tier_2
255	passive_blue_2_5_tier_3
255	passive_blue_2_5_tier_4
255	passive_blue_2_5_tier_5
255	passive_blue_3_1_tier_1
255	passive_blue_3_1_tier_2
255	passive_blue_3_1_tier_3
255	passive_blue_3_1_tier_4
255	passive_blue_3_1_tier_5
255	passive_blue_3_2_tier_1
255	passive_blue_3_2_tier_2
255	passive_blue_3_2_tier_3
255	passive_blue_3_2_tier_4
255	passive_blue_3_2_tier_5
255	passive_blue_3_3_tier_1
255	passive_blue_3_3_tier_2
255	passive_blue_3_3_tier_3
255	passive_blue_3_3_tier_4
255	passive_blue_3_3_tier_5
255	passive_blue_3_4_tier_1
255	passive_blue_3_4_tier_2
255	passive_blue_3_4_tier_3
255	passive_blue_3_4_tier_4
255	passive_blue_3_4_tier_5
255	passive_blue_3_5_tier_1
255	passive_blue_3_5_tier_2
255	passive_blue_3_5_tier_3
255	passive_blue_3_5_tier_4
255	passive_blue_3_5_tier_5
255	passive_blue_left_4_1_tier_1
255	passive_blue_left_4_1_tier_2
255	passive_blue_left_4_1_tier_3
255	passive_blue_left_4_1_tier_4
255	passive_blue_left_4_1_tier_5
255	passive_blue_left_4_3_tier_1
255	passive_blue_left_4_3_tier_2
255	passive_blue_left_4_3_tier_3
255	passive_blue_left_4_3_tier_4
255	passive_blue_left_4_3_tier_5
255	passive_blue_left_5_1_tier_1
255	passive_blue_left_5_1_tier_2
255	passive_blue_left_5_1_tier_3
255	passive_blue_left_5_1_tier_4
255	passive_blue_left_5_1_tier_5
255	passive_blue_left_5_2_tier_1
255	passive_blue_left_5_2_tier_2
255	passive_blue_left_5_2_tier_3
255	passive_blue_left_5_2_tier_4
255	passive_blue_left_5_2_tier_5
255	passive_blue_left_5_3_tier_1
255	passive_blue_left_5_3_tier_2
255	passive_blue_left_5_3_tier_3
255	passive_blue_left_5_3_tier_4
255	passive_blue_left_5_3_tier_5
255	passive_blue_left_6_1_tier_1
255	passive_blue_left_6_1_tier_2
255	passive_blue_left_6_1_tier_3
255	passive_blue_left_6_1_tier_4
255	passive_blue_left_6_1_tier_5
255	passive_blue_left_6_3_tier_1
255	passive_blue_left_6_3_tier_2
255	passive_blue_left_6_3_tier_3
255	passive_blue_left_6_3_tier_4
255	passive_blue_left_6_3_tier_5
255	passive_blue_mid_4_1_tier_1
255	passive_blue_mid_4_1_tier_2
255	passive_blue_mid_4_1_tier_3
255	passive_blue_mid_4_1_tier_4
255	passive_blue_mid_4_1_tier_5
255	passive_blue_mid_4_3_tier_1
255	passive_blue_mid_4_3_tier_2
255	passive_blue_mid_4_3_tier_3
255	passive_blue_mid_4_3_tier_4
255	passive_blue_mid_4_3_tier_5
255	passive_blue_mid_5_1_tier_1
255	passive_blue_mid_5_1_tier_2
255	passive_blue_mid_5_1_tier_3
255	passive_blue_mid_5_1_tier_4
255	passive_blue_mid_5_1_tier_5
255	passive_blue_mid_5_2_tier_1
255	passive_blue_mid_5_2_tier_2
255	passive_blue_mid_5_2_tier_3
255	passive_blue_mid_5_2_tier_4
255	passive_blue_mid_5_2_tier_5
255	passive_blue_mid_5_3_tier_1
255	passive_blue_mid_5_3_tier_2
255	passive_blue_mid_5_3_tier_3
255	passive_blue_mid_5_3_tier_4
255	passive_blue_mid_5_3_tier_5
255	passive_blue_mid_6_1_tier_1
255	passive_blue_mid_6_1_tier_2
255	passive_blue_mid_6_1_tier_3
255	passive_blue_mid_6_1_tier_4
255	passive_blue_mid_6_1_tier_5
255	passive_blue_mid_6_3_tier_1
255	passive_blue_mid_6_3_tier_2
255	passive_blue_mid_6_3_tier_3
255	passive_blue_mid_6_3_tier_4
255	passive_blue_mid_6_3_tier_5
255	passive_blue_right_4_1_tier_1
255	passive_blue_right_4_1_tier_2
255	passive_blue_right_4_1_tier_3
255	passive_blue_right_4_1_tier_4
255	passive_blue_right_4_1_tier_5
255	passive_blue_right_4_3_tier_1
255	passive_blue_right_4_3_tier_2
255	passive_blue_right_4_3_tier_3
255	passive_blue_right_4_3_tier_4
255	passive_blue_right_4_3_tier_5
255	passive_blue_right_5_1_tier_1
255	passive_blue_right_5_1_tier_2
255	passive_blue_right_5_1_tier_3
255	passive_blue_right_5_1_tier_4
255	passive_blue_right_5_1_tier_5
255	passive_blue_right_5_2_tier_1
255	passive_blue_right_5_2_tier_2
255	passive_blue_right_5_2_tier_3
255	passive_blue_right_5_2_tier_4
255	passive_blue_right_5_2_tier_5
255	passive_blue_right_5_3_tier_1
255	passive_blue_right_5_3_tier_2
255	passive_blue_right_5_3_tier_3
255	passive_blue_right_5_3_tier_4
255	passive_blue_right_5_3_tier_5
255	passive_blue_right_6_1_tier_1
255	passive_blue_right_6_1_tier_2
255	passive_blue_right_6_1_tier_3
255	passive_blue_right_6_1_tier_4
255	passive_blue_right_6_1_tier_5
255	passive_blue_right_6_3_tier_1
255	passive_blue_right_6_3_tier_2
255	passive_blue_right_6_3_tier_3
255	passive_blue_right_6_3_tier_4
255	passive_blue_right_6_3_tier_5
255	passive_green_1_1_tier_1
255	passive_green_1_1_tier_2
255	passive_green_1_1_tier_3
255	passive_green_1_1_tier_4
255	passive_green_1_1_tier_5
255	passive_green_1_2_tier_1
255	passive_green_1_2_tier_2
255	passive_green_1_2_tier_3
255	passive_green_1_2_tier_4
255	passive_green_1_2_tier_5
255	passive_green_1_3_tier_1
255	passive_green_1_3_tier_2
255	passive_green_1_3_tier_3
255	passive_green_1_3_tier_4
255	passive_green_1_3_tier_5
255	passive_green_1_4_tier_1
255	passive_green_1_4_tier_2
255	passive_green_1_4_tier_3
255	passive_green_1_4_tier_4
255	passive_green_1_4_tier_5
255	passive_green_1_5_tier_1
255	passive_green_1_5_tier_2
255	passive_green_1_5_tier_3
255	passive_green_1_5_tier_4
255	passive_green_1_5_tier_5
255	passive_green_2_1_tier_1
255	passive_green_2_1_tier_2
255	passive_green_2_1_tier_3
255	passive_green_2_1_tier_4
255	passive_green_2_1_tier_5
255	passive_green_2_3_tier_1
255	passive_green_2_3_tier_2
255	passive_green_2_3_tier_3
255	passive_green_2_3_tier_4
255	passive_green_2_3_tier_5
255	passive_green_2_5_tier_1
255	passive_green_2_5_tier_2
255	passive_green_2_5_tier_3
255	passive_green_2_5_tier_4
255	passive_green_2_5_tier_5
255	passive_green_3_1_tier_1
255	passive_green_3_1_tier_2
255	passive_green_3_1_tier_3
255	passive_green_3_1_tier_4
255	passive_green_3_1_tier_5
255	passive_green_3_2_tier_1
255	passive_green_3_2_tier_2
255	passive_green_3_2_tier_3
255	passive_green_3_2_tier_4
255	passive_green_3_2_tier_5
255	passive_green_3_3_tier_1
255	passive_green_3_3_tier_2
255	passive_green_3_3_tier_3
255	passive_green_3_3_tier_4
255	passive_green_3_3_tier_5
255	passive_green_3_4_tier_1
255	passive_green_3_4_tier_2
255	passive_green_3_4_tier_3
255	passive_green_3_4_tier_4
255	passive_green_3_4_tier_5
255	passive_green_3_5_tier_1
255	passive_green_3_5_tier_2
255	passive_green_3_5_tier_3
255	passive_green_3_5_tier_4
255	passive_green_3_5_tier_5
255	passive_green_left_4_1_tier_1
255	passive_green_left_4_1_tier_2
255	passive_green_left_4_1_tier_3
255	passive_green_left_4_1_tier_4
255	passive_green_left_4_1_tier_5
255	passive_green_left_4_3_tier_1
255	passive_green_left_4_3_tier_2
255	passive_green_left_4_3_tier_3
255	passive_green_left_4_3_tier_4
255	passive_green_left_4_3_tier_5
255	passive_green_left_5_1_tier_1
255	passive_green_left_5_1_tier_2
255	passive_green_left_5_1_tier_3
255	passive_green_left_5_1_tier_4
255	passive_green_left_5_1_tier_5
255	passive_green_left_5_2_tier_1
255	passive_green_left_5_2_tier_2
255	passive_green_left_5_2_tier_3
255	passive_green_left_5_2_tier_4
255	passive_green_left_5_2_tier_5
255	passive_green_left_5_3_tier_1
255	passive_green_left_5_3_tier_2
255	passive_green_left_5_3_tier_3
255	passive_green_left_5_3_tier_4
255	passive_green_left_5_3_tier_5
255	passive_green_left_6_1_tier_1
255	passive_green_left_6_1_tier_2
255	passive_green_left_6_1_tier_3
255	passive_green_left_6_1_tier_4
255	passive_green_left_6_1_tier_5
255	passive_green_left_6_3_tier_1
255	passive_green_left_6_3_tier_2
255	passive_green_left_6_3_tier_3
255	passive_green_left_6_3_tier_4
255	passive_green_left_6_3_tier_5
255	passive_green_mid_4_1_tier_1
255	passive_green_mid_4_1_tier_2
255	passive_green_mid_4_1_tier_3
255	passive_green_mid_4_1_tier_4
255	passive_green_mid_4_1_tier_5
255	passive_green_mid_4_3_tier_1
255	passive_green_mid_4_3_tier_2
255	passive_green_mid_4_3_tier_3
255	passive_green_mid_4_3_tier_4
255	passive_green_mid_4_3_tier_5
255	passive_green_mid_5_1_tier_1
255	passive_green_mid_5_1_tier_2
255	passive_green_mid_5_1_tier_3
255	passive_green_mid_5_1_tier_4
255	passive_green_mid_5_1_tier_5
255	passive_green_mid_5_2_tier_1
255	passive_green_mid_5_2_tier_2
255	passive_green_mid_5_2_tier_3
255	passive_green_mid_5_2_tier_4
255	passive_green_mid_5_2_tier_5
255	passive_green_mid_5_3_tier_1
255	passive_green_mid_5_3_tier_2
255	passive_green_mid_5_3_tier_3
255	passive_green_mid_5_3_tier_4
255	passive_green_mid_5_3_tier_5
255	passive_green_mid_6_1_tier_1
255	passive_green_mid_6_1_tier_2
255	passive_green_mid_6_1_tier_3
255	passive_green_mid_6_1_tier_4
255	passive_green_mid_6_1_tier_5
255	passive_green_mid_6_3_tier_1
255	passive_green_mid_6_3_tier_2
255	passive_green_mid_6_3_tier_3
255	passive_green_mid_6_3_tier_4
255	passive_green_mid_6_3_tier_5
255	passive_green_right_4_1_tier_1
255	passive_green_right_4_1_tier_2
255	passive_green_right_4_1_tier_3
255	passive_green_right_4_1_tier_4
255	passive_green_right_4_1_tier_5
255	passive_green_right_4_3_tier_1
255	passive_green_right_4_3_tier_2
255	passive_green_right_4_3_tier_3
255	passive_green_right_4_3_tier_4
255	passive_green_right_4_3_tier_5
255	passive_green_right_5_1_tier_1
255	passive_green_right_5_1_tier_2
255	passive_green_right_5_1_tier_3
255	passive_green_right_5_1_tier_4
255	passive_green_right_5_1_tier_5
255	passive_green_right_5_2_tier_1
255	passive_green_right_5_2_tier_2
255	passive_green_right_5_2_tier_3
255	passive_green_right_5_2_tier_4
255	passive_green_right_5_2_tier_5
255	passive_green_right_5_3_tier_1
255	passive_green_right_5_3_tier_2
255	passive_green_right_5_3_tier_3
255	passive_green_right_5_3_tier_4
255	passive_green_right_5_3_tier_5
255	passive_green_right_6_1_tier_1
255	passive_green_right_6_1_tier_2
255	passive_green_right_6_1_tier_3
255	passive_green_right_6_1_tier_4
255	passive_green_right_6_1_tier_5
255	passive_green_right_6_3_tier_1
255	passive_green_right_6_3_tier_2
255	passive_green_right_6_3_tier_3
255	passive_green_right_6_3_tier_4
255	passive_green_right_6_3_tier_5
255	passive_red_1_1_tier_1
255	passive_red_1_1_tier_2
255	passive_red_1_1_tier_3
255	passive_red_1_1_tier_4
255	passive_red_1_1_tier_5
255	passive_red_1_2_tier_1
255	passive_red_1_2_tier_2
255	passive_red_1_2_tier_3
255	passive_red_1_2_tier_4
255	passive_red_1_2_tier_5
255	passive_red_1_3_tier_1
255	passive_red_1_3_tier_2
255	passive_red_1_3_tier_3
255	passive_red_1_3_tier_4
255	passive_red_1_3_tier_5
255	passive_red_1_4_tier_1
255	passive_red_1_4_tier_2
255	passive_red_1_4_tier_3
255	passive_red_1_4_tier_4
255	passive_red_1_4_tier_5
255	passive_red_1_5_tier_1
255	passive_red_1_5_tier_2
255	passive_red_1_5_tier_3
255	passive_red_1_5_tier_4
255	passive_red_1_5_tier_5
255	passive_red_2_1_tier_1
255	passive_red_2_1_tier_2
255	passive_red_2_1_tier_3
255	passive_red_2_1_tier_4
255	passive_red_2_1_tier_5
255	passive_red_2_3_tier_1
255	passive_red_2_3_tier_2
255	passive_red_2_3_tier_3
255	passive_red_2_3_tier_4
255	passive_red_2_3_tier_5
255	passive_red_2_5_tier_1
255	passive_red_2_5_tier_2
255	passive_red_2_5_tier_3
255	passive_red_2_5_tier_4
255	passive_red_2_5_tier_5
255	passive_red_3_1_tier_1
255	passive_red_3_1_tier_2
255	passive_red_3_1_tier_3
255	passive_red_3_1_tier_4
255	passive_red_3_1_tier_5
255	passive_red_3_2_tier_1
255	passive_red_3_2_tier_2
255	passive_red_3_2_tier_3
255	passive_red_3_2_tier_4
255	passive_red_3_2_tier_5
255	passive_red_3_3_tier_1
255	passive_red_3_3_tier_2
255	passive_red_3_3_tier_3
255	passive_red_3_3_tier_4
255	passive_red_3_3_tier_5
255	passive_red_3_4_tier_1
255	passive_red_3_4_tier_2
255	passive_red_3_4_tier_3
255	passive_red_3_4_tier_4
255	passive_red_3_4_tier_5
255	passive_red_3_5_tier_1
255	passive_red_3_5_tier_2
255	passive_red_3_5_tier_3
255	passive_red_3_5_tier_4
255	passive_red_3_5_tier_5
255	passive_red_left_4_1_tier_1
255	passive_red_left_4_1_tier_2
255	passive_red_left_4_1_tier_3
255	passive_red_left_4_1_tier_4
255	passive_red_left_4_1_tier_5
255	passive_red_left_4_3_tier_1
255	passive_red_left_4_3_tier_2
255	passive_red_left_4_3_tier_3
255	passive_red_left_4_3_tier_4
255	passive_red_left_4_3_tier_5
255	passive_red_left_5_1_tier_1
255	passive_red_left_5_1_tier_2
255	passive_red_left_5_1_tier_3
255	passive_red_left_5_1_tier_4
255	passive_red_left_5_1_tier_5
255	passive_red_left_5_2_tier_1
255	passive_red_left_5_2_tier_2
255	passive_red_left_5_2_tier_3
255	passive_red_left_5_2_tier_4
255	passive_red_left_5_2_tier_5
255	passive_red_left_5_3_tier_1
255	passive_red_left_5_3_tier_2
255	passive_red_left_5_3_tier_3
255	passive_red_left_5_3_tier_4
255	passive_red_left_5_3_tier_5
255	passive_red_left_6_1_tier_1
255	passive_red_left_6_1_tier_2
255	passive_red_left_6_1_tier_3
255	passive_red_left_6_1_tier_4
255	passive_red_left_6_1_tier_5
255	passive_red_left_6_3_tier_1
255	passive_red_left_6_3_tier_2
255	passive_red_left_6_3_tier_3
255	passive_red_left_6_3_tier_4
255	passive_red_left_6_3_tier_5
255	passive_red_mid_4_1_tier_1
255	passive_red_mid_4_1_tier_2
255	passive_red_mid_4_1_tier_3
255	passive_red_mid_4_1_tier_4
255	passive_red_mid_4_1_tier_5
255	passive_red_mid_4_3_tier_1
255	passive_red_mid_4_3_tier_2
255	passive_red_mid_4_3_tier_3
255	passive_red_mid_4_3_tier_4
255	passive_red_mid_4_3_tier_5
255	passive_red_mid_5_1_tier_1
255	passive_red_mid_5_1_tier_2
255	passive_red_mid_5_1_tier_3
255	passive_red_mid_5_1_tier_4
255	passive_red_mid_5_1_tier_5
255	passive_red_mid_5_2_tier_1
255	passive_red_mid_5_2_tier_2
255	passive_red_mid_5_2_tier_3
255	passive_red_mid_5_2_tier_4
255	passive_red_mid_5_2_tier_5
255	passive_red_mid_5_3_tier_1
255	passive_red_mid_5_3_tier_2
255	passive_red_mid_5_3_tier_3
255	passive_red_mid_5_3_tier_4
255	passive_red_mid_5_3_tier_5
255	passive_red_mid_6_1_tier_1
255	passive_red_mid_6_1_tier_2
255	passive_red_mid_6_1_tier_3
255	passive_red_mid_6_1_tier_4
255	passive_red_mid_6_1_tier_5
255	passive_red_mid_6_3_tier_1
255	passive_red_mid_6_3_tier_2
255	passive_red_mid_6_3_tier_3
255	passive_red_mid_6_3_tier_4
255	passive_red_mid_6_3_tier_5
255	passive_red_right_4_1_tier_1
255	passive_red_right_4_1_tier_2
255	passive_red_right_4_1_tier_3
255	passive_red_right_4_1_tier_4
255	passive_red_right_4_1_tier_5
255	passive_red_right_4_3_tier_1
255	passive_red_right_4_3_tier_2
255	passive_red_right_4_3_tier_3
255	passive_red_right_4_3_tier_4
255	passive_red_right_4_3_tier_5
255	passive_red_right_5_1_tier_1
255	passive_red_right_5_1_tier_2
255	passive_red_right_5_1_tier_3
255	passive_red_right_5_1_tier_4
255	passive_red_right_5_1_tier_5
255	passive_red_right_5_2_tier_1
255	passive_red_right_5_2_tier_2
255	passive_red_right_5_2_tier_3
255	passive_red_right_5_2_tier_4
255	passive_red_right_5_2_tier_5
255	passive_red_right_5_3_tier_1
255	passive_red_right_5_3_tier_2
255	passive_red_right_5_3_tier_3
255	passive_red_right_5_3_tier_4
255	passive_red_right_5_3_tier_5
255	passive_red_right_6_1_tier_1
255	passive_red_right_6_1_tier_2
255	passive_red_right_6_1_tier_3
255	passive_red_right_6_1_tier_4
255	passive_red_right_6_1_tier_5
255	passive_red_right_6_3_tier_1
255	passive_red_right_6_3_tier_2
255	passive_red_right_6_3_tier_3
255	passive_red_right_6_3_tier_4
255	passive_red_right_6_3_tier_5
256	body_01
256	body_02
256	body_03
256	body_04
256	body_05
256	body_06
256	body_07
256	body_08
256	body_09
256	body_10
256	comp_01_common
256	comp_02_uncommon
256	comp_03_rare
256	comp_04_epic
256	comp_05_legendary_01
256	comp_05_legendary_02
256	comp_05_legendary_03
256	comp_05_legendary_04
256	comp_05_legendary_05
256	comp_05_legendary_06
256	comp_05_legendary_cowbell
256	comp_05_legendary_raid1
256	comp_05_legendary_raid2
256	comp_05_legendary_tuba
256	leg_body_01
256	leg_body_02
256	leg_body_03
256	leg_body_04
256	leg_body_05
256	leg_body_06
256	leg_body_cowbell
256	leg_body_raid1
256	leg_body_raid2
256	leg_body_tuba
256	passive_blue_1_1_tier_1
256	passive_blue_1_1_tier_2
256	passive_blue_1_1_tier_3
256	passive_blue_1_1_tier_4
256	passive_blue_1_1_tier_5
256	passive_blue_1_2_tier_1
256	passive_blue_1_2_tier_2
256	passive_blue_1_2_tier_3
256	passive_blue_1_2_tier_4
256	passive_blue_1_2_tier_5
256	passive_blue_1_3_tier_1
256	passive_blue_1_3_tier_2
256	passive_blue_1_3_tier_3
256	passive_blue_1_3_tier_4
256	passive_blue_1_3_tier_5
256	passive_blue_1_4_tier_1
256	passive_blue_1_4_tier_2
256	passive_blue_1_4_tier_3
256	passive_blue_1_4_tier_4
256	passive_blue_1_4_tier_5
256	passive_blue_1_5_tier_1
256	passive_blue_1_5_tier_2
256	passive_blue_1_5_tier_3
256	passive_blue_1_5_tier_4
256	passive_blue_1_5_tier_5
256	passive_blue_2_1_tier_1
256	passive_blue_2_1_tier_2
256	passive_blue_2_1_tier_3
256	passive_blue_2_1_tier_4
256	passive_blue_2_1_tier_5
256	passive_blue_2_3_tier_1
256	passive_blue_2_3_tier_2
256	passive_blue_2_3_tier_3
256	passive_blue_2_3_tier_4
256	passive_blue_2_3_tier_5
256	passive_blue_2_3_tiers_1
256	passive_blue_2_5_tier_1
256	passive_blue_2_5_tier_2
256	passive_blue_2_5_tier_3
256	passive_blue_2_5_tier_4
256	passive_blue_2_5_tier_5
256	passive_blue_3_1_tier_1
256	passive_blue_3_1_tier_2
256	passive_blue_3_1_tier_3
256	passive_blue_3_1_tier_4
256	passive_blue_3_1_tier_5
256	passive_blue_3_2_tier_1
256	passive_blue_3_2_tier_2
256	passive_blue_3_2_tier_3
256	passive_blue_3_2_tier_4
256	passive_blue_3_2_tier_5
256	passive_blue_3_3_tier_1
256	passive_blue_3_3_tier_2
256	passive_blue_3_3_tier_3
256	passive_blue_3_3_tier_4
256	passive_blue_3_3_tier_5
256	passive_blue_3_4_tier_1
256	passive_blue_3_4_tier_2
256	passive_blue_3_4_tier_3
256	passive_blue_3_4_tier_4
256	passive_blue_3_4_tier_5
256	passive_blue_3_5_tier_1
256	passive_blue_3_5_tier_2
256	passive_blue_3_5_tier_3
256	passive_blue_3_5_tier_4
256	passive_blue_3_5_tier_5
256	passive_blue_left_4_1_tier_1
256	passive_blue_left_4_1_tier_2
256	passive_blue_left_4_1_tier_3
256	passive_blue_left_4_1_tier_4
256	passive_blue_left_4_1_tier_5
256	passive_blue_left_4_3_tier_1
256	passive_blue_left_4_3_tier_2
256	passive_blue_left_4_3_tier_3
256	passive_blue_left_4_3_tier_4
256	passive_blue_left_4_3_tier_5
256	passive_blue_left_5_1_tier_1
256	passive_blue_left_5_1_tier_2
256	passive_blue_left_5_1_tier_3
256	passive_blue_left_5_1_tier_4
256	passive_blue_left_5_1_tier_5
256	passive_blue_left_5_2_tier_1
256	passive_blue_left_5_2_tier_2
256	passive_blue_left_5_2_tier_3
256	passive_blue_left_5_2_tier_4
256	passive_blue_left_5_2_tier_5
256	passive_blue_left_5_3_tier_1
256	passive_blue_left_5_3_tier_2
256	passive_blue_left_5_3_tier_3
256	passive_blue_left_5_3_tier_4
256	passive_blue_left_5_3_tier_5
256	passive_blue_left_6_1_tier_1
256	passive_blue_left_6_1_tier_2
256	passive_blue_left_6_1_tier_3
256	passive_blue_left_6_1_tier_4
256	passive_blue_left_6_1_tier_5
256	passive_blue_left_6_3_tier_1
256	passive_blue_left_6_3_tier_2
256	passive_blue_left_6_3_tier_3
256	passive_blue_left_6_3_tier_4
256	passive_blue_left_6_3_tier_5
256	passive_blue_mid_4_1_tier_1
256	passive_blue_mid_4_1_tier_2
256	passive_blue_mid_4_1_tier_3
256	passive_blue_mid_4_1_tier_4
256	passive_blue_mid_4_1_tier_5
256	passive_blue_mid_4_3_tier_1
256	passive_blue_mid_4_3_tier_2
256	passive_blue_mid_4_3_tier_3
256	passive_blue_mid_4_3_tier_4
256	passive_blue_mid_4_3_tier_5
256	passive_blue_mid_5_1_tier_1
256	passive_blue_mid_5_1_tier_2
256	passive_blue_mid_5_1_tier_3
256	passive_blue_mid_5_1_tier_4
256	passive_blue_mid_5_1_tier_5
256	passive_blue_mid_5_2_tier_1
256	passive_blue_mid_5_2_tier_2
256	passive_blue_mid_5_2_tier_3
256	passive_blue_mid_5_2_tier_4
256	passive_blue_mid_5_2_tier_5
256	passive_blue_mid_5_3_tier_1
256	passive_blue_mid_5_3_tier_2
256	passive_blue_mid_5_3_tier_3
256	passive_blue_mid_5_3_tier_4
256	passive_blue_mid_5_3_tier_5
256	passive_blue_mid_6_1_tier_1
256	passive_blue_mid_6_1_tier_2
256	passive_blue_mid_6_1_tier_3
256	passive_blue_mid_6_1_tier_4
256	passive_blue_mid_6_1_tier_5
256	passive_blue_mid_6_3_tier_1
256	passive_blue_mid_6_3_tier_2
256	passive_blue_mid_6_3_tier_3
256	passive_blue_mid_6_3_tier_4
256	passive_blue_mid_6_3_tier_5
256	passive_blue_right_4_1_tier_1
256	passive_blue_right_4_1_tier_2
256	passive_blue_right_4_1_tier_3
256	passive_blue_right_4_1_tier_4
256	passive_blue_right_4_1_tier_5
256	passive_blue_right_4_3_tier_1
256	passive_blue_right_4_3_tier_2
256	passive_blue_right_4_3_tier_3
256	passive_blue_right_4_3_tier_4
256	passive_blue_right_4_3_tier_5
256	passive_blue_right_5_1_tier_1
256	passive_blue_right_5_1_tier_2
256	passive_blue_right_5_1_tier_3
256	passive_blue_right_5_1_tier_4
256	passive_blue_right_5_1_tier_5
256	passive_blue_right_5_2_tier_1
256	passive_blue_right_5_2_tier_2
256	passive_blue_right_5_2_tier_3
256	passive_blue_right_5_2_tier_4
256	passive_blue_right_5_2_tier_5
256	passive_blue_right_5_3_tier_1
256	passive_blue_right_5_3_tier_2
256	passive_blue_right_5_3_tier_3
256	passive_blue_right_5_3_tier_4
256	passive_blue_right_5_3_tier_5
256	passive_blue_right_6_1_tier_1
256	passive_blue_right_6_1_tier_2
256	passive_blue_right_6_1_tier_3
256	passive_blue_right_6_1_tier_4
256	passive_blue_right_6_1_tier_5
256	passive_blue_right_6_3_tier_1
256	passive_blue_right_6_3_tier_2
256	passive_blue_right_6_3_tier_3
256	passive_blue_right_6_3_tier_4
256	passive_blue_right_6_3_tier_5
256	passive_green_1_1_tier_1
256	passive_green_1_1_tier_2
256	passive_green_1_1_tier_3
256	passive_green_1_1_tier_4
256	passive_green_1_1_tier_5
256	passive_green_1_2_tier_1
256	passive_green_1_2_tier_2
256	passive_green_1_2_tier_3
256	passive_green_1_2_tier_4
256	passive_green_1_2_tier_5
256	passive_green_1_3_tier_1
256	passive_green_1_3_tier_2
256	passive_green_1_3_tier_3
256	passive_green_1_3_tier_4
256	passive_green_1_3_tier_5
256	passive_green_1_4_tier_1
256	passive_green_1_4_tier_2
256	passive_green_1_4_tier_3
256	passive_green_1_4_tier_4
256	passive_green_1_4_tier_5
256	passive_green_1_5_tier_1
256	passive_green_1_5_tier_2
256	passive_green_1_5_tier_3
256	passive_green_1_5_tier_4
256	passive_green_1_5_tier_5
256	passive_green_2_1_tier_1
256	passive_green_2_1_tier_2
256	passive_green_2_1_tier_3
256	passive_green_2_1_tier_4
256	passive_green_2_1_tier_5
256	passive_green_2_3_tier_1
256	passive_green_2_3_tier_2
256	passive_green_2_3_tier_3
256	passive_green_2_3_tier_4
256	passive_green_2_3_tier_5
256	passive_green_2_5_tier_1
256	passive_green_2_5_tier_2
256	passive_green_2_5_tier_3
256	passive_green_2_5_tier_4
256	passive_green_2_5_tier_5
256	passive_green_3_1_tier_1
256	passive_green_3_1_tier_2
256	passive_green_3_1_tier_3
256	passive_green_3_1_tier_4
256	passive_green_3_1_tier_5
256	passive_green_3_2_tier_1
256	passive_green_3_2_tier_2
256	passive_green_3_2_tier_3
256	passive_green_3_2_tier_4
256	passive_green_3_2_tier_5
256	passive_green_3_3_tier_1
256	passive_green_3_3_tier_2
256	passive_green_3_3_tier_3
256	passive_green_3_3_tier_4
256	passive_green_3_3_tier_5
256	passive_green_3_4_tier_1
256	passive_green_3_4_tier_2
256	passive_green_3_4_tier_3
256	passive_green_3_4_tier_4
256	passive_green_3_4_tier_5
256	passive_green_3_5_tier_1
256	passive_green_3_5_tier_2
256	passive_green_3_5_tier_3
256	passive_green_3_5_tier_4
256	passive_green_3_5_tier_5
256	passive_green_left_4_1_tier_1
256	passive_green_left_4_1_tier_2
256	passive_green_left_4_1_tier_3
256	passive_green_left_4_1_tier_4
256	passive_green_left_4_1_tier_5
256	passive_green_left_4_3_tier_1
256	passive_green_left_4_3_tier_2
256	passive_green_left_4_3_tier_3
256	passive_green_left_4_3_tier_4
256	passive_green_left_4_3_tier_5
256	passive_green_left_5_1_tier_1
256	passive_green_left_5_1_tier_2
256	passive_green_left_5_1_tier_3
256	passive_green_left_5_1_tier_4
256	passive_green_left_5_1_tier_5
256	passive_green_left_5_2_tier_1
256	passive_green_left_5_2_tier_2
256	passive_green_left_5_2_tier_3
256	passive_green_left_5_2_tier_4
256	passive_green_left_5_2_tier_5
256	passive_green_left_5_3_tier_1
256	passive_green_left_5_3_tier_2
256	passive_green_left_5_3_tier_3
256	passive_green_left_5_3_tier_4
256	passive_green_left_5_3_tier_5
256	passive_green_left_6_1_tier_1
256	passive_green_left_6_1_tier_2
256	passive_green_left_6_1_tier_3
256	passive_green_left_6_1_tier_4
256	passive_green_left_6_1_tier_5
256	passive_green_left_6_3_tier_1
256	passive_green_left_6_3_tier_2
256	passive_green_left_6_3_tier_3
256	passive_green_left_6_3_tier_4
256	passive_green_left_6_3_tier_5
256	passive_green_mid_4_1_tier_1
256	passive_green_mid_4_1_tier_2
256	passive_green_mid_4_1_tier_3
256	passive_green_mid_4_1_tier_4
256	passive_green_mid_4_1_tier_5
256	passive_green_mid_4_3_tier_1
256	passive_green_mid_4_3_tier_2
256	passive_green_mid_4_3_tier_3
256	passive_green_mid_4_3_tier_4
256	passive_green_mid_4_3_tier_5
256	passive_green_mid_5_1_tier_1
256	passive_green_mid_5_1_tier_2
256	passive_green_mid_5_1_tier_3
256	passive_green_mid_5_1_tier_4
256	passive_green_mid_5_1_tier_5
256	passive_green_mid_5_2_tier_1
256	passive_green_mid_5_2_tier_2
256	passive_green_mid_5_2_tier_3
256	passive_green_mid_5_2_tier_4
256	passive_green_mid_5_2_tier_5
256	passive_green_mid_5_3_tier_1
256	passive_green_mid_5_3_tier_2
256	passive_green_mid_5_3_tier_3
256	passive_green_mid_5_3_tier_4
256	passive_green_mid_5_3_tier_5
256	passive_green_mid_6_1_tier_1
256	passive_green_mid_6_1_tier_2
256	passive_green_mid_6_1_tier_3
256	passive_green_mid_6_1_tier_4
256	passive_green_mid_6_1_tier_5
256	passive_green_mid_6_3_tier_1
256	passive_green_mid_6_3_tier_2
256	passive_green_mid_6_3_tier_3
256	passive_green_mid_6_3_tier_4
256	passive_green_mid_6_3_tier_5
256	passive_green_right_4_1_tier_1
256	passive_green_right_4_1_tier_2
256	passive_green_right_4_1_tier_3
256	passive_green_right_4_1_tier_4
256	passive_green_right_4_1_tier_5
256	passive_green_right_4_3_tier_1
256	passive_green_right_4_3_tier_2
256	passive_green_right_4_3_tier_3
256	passive_green_right_4_3_tier_4
256	passive_green_right_4_3_tier_5
256	passive_green_right_5_1_tier_1
256	passive_green_right_5_1_tier_2
256	passive_green_right_5_1_tier_3
256	passive_green_right_5_1_tier_4
256	passive_green_right_5_1_tier_5
256	passive_green_right_5_2_tier_1
256	passive_green_right_5_2_tier_2
256	passive_green_right_5_2_tier_3
256	passive_green_right_5_2_tier_4
256	passive_green_right_5_2_tier_5
256	passive_green_right_5_3_tier_1
256	passive_green_right_5_3_tier_2
256	passive_green_right_5_3_tier_3
256	passive_green_right_5_3_tier_4
256	passive_green_right_5_3_tier_5
256	passive_green_right_6_1_tier_1
256	passive_green_right_6_1_tier_2
256	passive_green_right_6_1_tier_3
256	passive_green_right_6_1_tier_4
256	passive_green_right_6_1_tier_5
256	passive_green_right_6_3_tier_1
256	passive_green_right_6_3_tier_2
256	passive_green_right_6_3_tier_3
256	passive_green_right_6_3_tier_4
256	passive_green_right_6_3_tier_5
256	passive_red_1_1_tier_1
256	passive_red_1_1_tier_2
256	passive_red_1_1_tier_3
256	passive_red_1_1_tier_4
256	passive_red_1_1_tier_5
256	passive_red_1_2_tier_1
256	passive_red_1_2_tier_2
256	passive_red_1_2_tier_3
256	passive_red_1_2_tier_4
256	passive_red_1_2_tier_5
256	passive_red_1_3_tier_1
256	passive_red_1_3_tier_2
256	passive_red_1_3_tier_3
256	passive_red_1_3_tier_4
256	passive_red_1_3_tier_5
256	passive_red_1_4_tier_1
256	passive_red_1_4_tier_2
256	passive_red_1_4_tier_3
256	passive_red_1_4_tier_4
256	passive_red_1_4_tier_5
256	passive_red_1_5_tier_1
256	passive_red_1_5_tier_2
256	passive_red_1_5_tier_3
256	passive_red_1_5_tier_4
256	passive_red_1_5_tier_5
256	passive_red_2_1_tier_1
256	passive_red_2_1_tier_2
256	passive_red_2_1_tier_3
256	passive_red_2_1_tier_4
256	passive_red_2_1_tier_5
256	passive_red_2_3_tier_1
256	passive_red_2_3_tier_2
256	passive_red_2_3_tier_3
256	passive_red_2_3_tier_4
256	passive_red_2_3_tier_5
256	passive_red_2_5_tier_1
256	passive_red_2_5_tier_2
256	passive_red_2_5_tier_3
256	passive_red_2_5_tier_4
256	passive_red_2_5_tier_5
256	passive_red_3_1_tier_1
256	passive_red_3_1_tier_2
256	passive_red_3_1_tier_3
256	passive_red_3_1_tier_4
256	passive_red_3_1_tier_5
256	passive_red_3_2_tier_1
256	passive_red_3_2_tier_2
256	passive_red_3_2_tier_3
256	passive_red_3_2_tier_4
256	passive_red_3_2_tier_5
256	passive_red_3_3_tier_1
256	passive_red_3_3_tier_2
256	passive_red_3_3_tier_3
256	passive_red_3_3_tier_4
256	passive_red_3_3_tier_5
256	passive_red_3_4_tier_1
256	passive_red_3_4_tier_2
256	passive_red_3_4_tier_3
256	passive_red_3_4_tier_4
256	passive_red_3_4_tier_5
256	passive_red_3_5_tier_1
256	passive_red_3_5_tier_2
256	passive_red_3_5_tier_3
256	passive_red_3_5_tier_4
256	passive_red_3_5_tier_5
256	passive_red_left_4_1_tier_1
256	passive_red_left_4_1_tier_2
256	passive_red_left_4_1_tier_3
256	passive_red_left_4_1_tier_4
256	passive_red_left_4_1_tier_5
256	passive_red_left_4_3_tier_1
256	passive_red_left_4_3_tier_2
256	passive_red_left_4_3_tier_3
256	passive_red_left_4_3_tier_4
256	passive_red_left_4_3_tier_5
256	passive_red_left_5_1_tier_1
256	passive_red_left_5_1_tier_2
256	passive_red_left_5_1_tier_3
256	passive_red_left_5_1_tier_4
256	passive_red_left_5_1_tier_5
256	passive_red_left_5_2_tier_1
256	passive_red_left_5_2_tier_2
256	passive_red_left_5_2_tier_3
256	passive_red_left_5_2_tier_4
256	passive_red_left_5_2_tier_5
256	passive_red_left_5_3_tier_1
256	passive_red_left_5_3_tier_2
256	passive_red_left_5_3_tier_3
256	passive_red_left_5_3_tier_4
256	passive_red_left_5_3_tier_5
256	passive_red_left_6_1_tier_1
256	passive_red_left_6_1_tier_2
256	passive_red_left_6_1_tier_3
256	passive_red_left_6_1_tier_4
256	passive_red_left_6_1_tier_5
256	passive_red_left_6_3_tier_1
256	passive_red_left_6_3_tier_2
256	passive_red_left_6_3_tier_3
256	passive_red_left_6_3_tier_4
256	passive_red_left_6_3_tier_5
256	passive_red_mid_4_1_tier_1
256	passive_red_mid_4_1_tier_2
256	passive_red_mid_4_1_tier_3
256	passive_red_mid_4_1_tier_4
256	passive_red_mid_4_1_tier_5
256	passive_red_mid_4_3_tier_1
256	passive_red_mid_4_3_tier_2
256	passive_red_mid_4_3_tier_3
256	passive_red_mid_4_3_tier_4
256	passive_red_mid_4_3_tier_5
256	passive_red_mid_5_1_tier_1
256	passive_red_mid_5_1_tier_2
256	passive_red_mid_5_1_tier_3
256	passive_red_mid_5_1_tier_4
256	passive_red_mid_5_1_tier_5
256	passive_red_mid_5_2_tier_1
256	passive_red_mid_5_2_tier_2
256	passive_red_mid_5_2_tier_3
256	passive_red_mid_5_2_tier_4
256	passive_red_mid_5_2_tier_5
256	passive_red_mid_5_3_tier_1
256	passive_red_mid_5_3_tier_2
256	passive_red_mid_5_3_tier_3
256	passive_red_mid_5_3_tier_4
256	passive_red_mid_5_3_tier_5
256	passive_red_mid_6_1_tier_1
256	passive_red_mid_6_1_tier_2
256	passive_red_mid_6_1_tier_3
256	passive_red_mid_6_1_tier_4
256	passive_red_mid_6_1_tier_5
256	passive_red_mid_6_3_tier_1
256	passive_red_mid_6_3_tier_2
256	passive_red_mid_6_3_tier_3
256	passive_red_mid_6_3_tier_4
256	passive_red_mid_6_3_tier_5
256	passive_red_right_4_1_tier_1
256	passive_red_right_4_1_tier_2
256	passive_red_right_4_1_tier_3
256	passive_red_right_4_1_tier_4
256	passive_red_right_4_1_tier_5
256	passive_red_right_4_3_tier_1
256	passive_red_right_4_3_tier_2
256	passive_red_right_4_3_tier_3
256	passive_red_right_4_3_tier_4
256	passive_red_right_4_3_tier_5
256	passive_red_right_5_1_tier_1
256	passive_red_right_5_1_tier_2
256	passive_red_right_5_1_tier_3
256	passive_red_right_5_1_tier_4
256	passive_red_right_5_1_tier_5
256	passive_red_right_5_2_tier_1
256	passive_red_right_5_2_tier_2
256	passive_red_right_5_2_tier_3
256	passive_red_right_5_2_tier_4
256	passive_red_right_5_2_tier_5
256	passive_red_right_5_3_tier_1
256	passive_red_right_5_3_tier_2
256	passive_red_right_5_3_tier_3
256	passive_red_right_5_3_tier_4
256	passive_red_right_5_3_tier_5
256	passive_red_right_6_1_tier_1
256	passive_red_right_6_1_tier_2
256	passive_red_right_6_1_tier_3
256	passive_red_right_6_1_tier_4
256	passive_red_right_6_1_tier_5
256	passive_red_right_6_3_tier_1
256	passive_red_right_6_3_tier_2
256	passive_red_right_6_3_tier_3
256	passive_red_right_6_3_tier_4
256	passive_red_right_6_3_tier_5
259	body_01
259	body_02
259	body_03
259	body_04
259	body_05
259	body_06
259	body_07
259	body_08
259	body_09
259	body_10
259	comp_01_common
259	comp_02_uncommon
259	comp_03_rare
259	comp_04_epic
259	comp_05_legendary_01
259	comp_05_legendary_02
259	comp_05_legendary_03
259	comp_05_legendary_04
259	comp_05_legendary_05
259	comp_05_legendary_06
259	comp_05_legendary_cowbell
259	comp_05_legendary_raid1
259	comp_05_legendary_raid2
259	comp_05_legendary_tuba
259	leg_body_01
259	leg_body_02
259	leg_body_03
259	leg_body_04
259	leg_body_05
259	leg_body_06
259	leg_body_cowbell
259	leg_body_raid1
259	leg_body_raid2
259	leg_body_tuba
259	part_grav_asm_legendarygravitar
259	part_grav_asm_skill_test
259	passive_blue_1_1_tier_1
259	passive_blue_1_1_tier_2
259	passive_blue_1_1_tier_3
259	passive_blue_1_1_tier_4
259	passive_blue_1_1_tier_5
259	passive_blue_1_2_tier_1
259	passive_blue_1_2_tier_2
259	passive_blue_1_2_tier_3
259	passive_blue_1_2_tier_4
259	passive_blue_1_2_tier_5
259	passive_blue_1_3_tier_1
259	passive_blue_1_3_tier_2
259	passive_blue_1_3_tier_3
259	passive_blue_1_3_tier_4
259	passive_blue_1_3_tier_5
259	passive_blue_1_4_tier_1
259	passive_blue_1_4_tier_2
259	passive_blue_1_4_tier_3
259	passive_blue_1_4_tier_4
259	passive_blue_1_4_tier_5
259	passive_blue_1_5_tier_1
259	passive_blue_1_5_tier_2
259	passive_blue_1_5_tier_3
259	passive_blue_1_5_tier_4
259	passive_blue_1_5_tier_5
259	passive_blue_2_1_tier_1
259	passive_blue_2_1_tier_2
259	passive_blue_2_1_tier_3
259	passive_blue_2_1_tier_4
259	passive_blue_2_1_tier_5
259	passive_blue_2_3_tier_1
259	passive_blue_2_3_tier_2
259	passive_blue_2_3_tier_3
259	passive_blue_2_3_tier_4
259	passive_blue_2_3_tier_5
259	passive_blue_2_3_tiers_1
259	passive_blue_2_5_tier_1
259	passive_blue_2_5_tier_2
259	passive_blue_2_5_tier_3
259	passive_blue_2_5_tier_4
259	passive_blue_2_5_tier_5
259	passive_blue_3_1_tier_1
259	passive_blue_3_1_tier_2
259	passive_blue_3_1_tier_3
259	passive_blue_3_1_tier_4
259	passive_blue_3_1_tier_5
259	passive_blue_3_2_tier_1
259	passive_blue_3_2_tier_2
259	passive_blue_3_2_tier_3
259	passive_blue_3_2_tier_4
259	passive_blue_3_2_tier_5
259	passive_blue_3_3_tier_1
259	passive_blue_3_3_tier_2
259	passive_blue_3_3_tier_3
259	passive_blue_3_3_tier_4
259	passive_blue_3_3_tier_5
259	passive_blue_3_4_tier_1
259	passive_blue_3_4_tier_2
259	passive_blue_3_4_tier_3
259	passive_blue_3_4_tier_4
259	passive_blue_3_4_tier_5
259	passive_blue_3_5_tier_1
259	passive_blue_3_5_tier_2
259	passive_blue_3_5_tier_3
259	passive_blue_3_5_tier_4
259	passive_blue_3_5_tier_5
259	passive_blue_left_4_1_tier_1
259	passive_blue_left_4_1_tier_2
259	passive_blue_left_4_1_tier_3
259	passive_blue_left_4_1_tier_4
259	passive_blue_left_4_1_tier_5
259	passive_blue_left_4_3_tier_1
259	passive_blue_left_4_3_tier_2
259	passive_blue_left_4_3_tier_3
259	passive_blue_left_4_3_tier_4
259	passive_blue_left_4_3_tier_5
259	passive_blue_left_5_1_tier_1
259	passive_blue_left_5_1_tier_2
259	passive_blue_left_5_1_tier_3
259	passive_blue_left_5_1_tier_4
259	passive_blue_left_5_1_tier_5
259	passive_blue_left_5_2_tier_1
259	passive_blue_left_5_2_tier_2
259	passive_blue_left_5_2_tier_3
259	passive_blue_left_5_2_tier_4
259	passive_blue_left_5_2_tier_5
259	passive_blue_left_5_3_tier_1
259	passive_blue_left_5_3_tier_2
259	passive_blue_left_5_3_tier_3
259	passive_blue_left_5_3_tier_4
259	passive_blue_left_5_3_tier_5
259	passive_blue_left_6_1_tier_1
259	passive_blue_left_6_1_tier_2
259	passive_blue_left_6_1_tier_3
259	passive_blue_left_6_1_tier_4
259	passive_blue_left_6_1_tier_5
259	passive_blue_left_6_3_tier_1
259	passive_blue_left_6_3_tier_2
259	passive_blue_left_6_3_tier_3
259	passive_blue_left_6_3_tier_4
259	passive_blue_left_6_3_tier_5
259	passive_blue_mid_4_1_tier_1
259	passive_blue_mid_4_1_tier_2
259	passive_blue_mid_4_1_tier_3
259	passive_blue_mid_4_1_tier_4
259	passive_blue_mid_4_1_tier_5
259	passive_blue_mid_4_3_tier_1
259	passive_blue_mid_4_3_tier_2
259	passive_blue_mid_4_3_tier_3
259	passive_blue_mid_4_3_tier_4
259	passive_blue_mid_4_3_tier_5
259	passive_blue_mid_5_1_tier_1
259	passive_blue_mid_5_1_tier_2
259	passive_blue_mid_5_1_tier_3
259	passive_blue_mid_5_1_tier_4
259	passive_blue_mid_5_1_tier_5
259	passive_blue_mid_5_2_tier_1
259	passive_blue_mid_5_2_tier_2
259	passive_blue_mid_5_2_tier_3
259	passive_blue_mid_5_2_tier_4
259	passive_blue_mid_5_2_tier_5
259	passive_blue_mid_5_3_tier_1
259	passive_blue_mid_5_3_tier_2
259	passive_blue_mid_5_3_tier_3
259	passive_blue_mid_5_3_tier_4
259	passive_blue_mid_5_3_tier_5
259	passive_blue_mid_6_1_tier_1
259	passive_blue_mid_6_1_tier_2
259	passive_blue_mid_6_1_tier_3
259	passive_blue_mid_6_1_tier_4
259	passive_blue_mid_6_1_tier_5
259	passive_blue_mid_6_3_tier_1
259	passive_blue_mid_6_3_tier_2
259	passive_blue_mid_6_3_tier_3
259	passive_blue_mid_6_3_tier_4
259	passive_blue_mid_6_3_tier_5
259	passive_blue_right_4_1_tier_1
259	passive_blue_right_4_1_tier_2
259	passive_blue_right_4_1_tier_3
259	passive_blue_right_4_1_tier_4
259	passive_blue_right_4_1_tier_5
259	passive_blue_right_4_3_tier_1
259	passive_blue_right_4_3_tier_2
259	passive_blue_right_4_3_tier_3
259	passive_blue_right_4_3_tier_4
259	passive_blue_right_4_3_tier_5
259	passive_blue_right_5_1_tier_1
259	passive_blue_right_5_1_tier_2
259	passive_blue_right_5_1_tier_3
259	passive_blue_right_5_1_tier_4
259	passive_blue_right_5_1_tier_5
259	passive_blue_right_5_2_tier_1
259	passive_blue_right_5_2_tier_2
259	passive_blue_right_5_2_tier_3
259	passive_blue_right_5_2_tier_4
259	passive_blue_right_5_2_tier_5
259	passive_blue_right_5_3_tier_1
259	passive_blue_right_5_3_tier_2
259	passive_blue_right_5_3_tier_3
259	passive_blue_right_5_3_tier_4
259	passive_blue_right_5_3_tier_5
259	passive_blue_right_6_1_tier_1
259	passive_blue_right_6_1_tier_2
259	passive_blue_right_6_1_tier_3
259	passive_blue_right_6_1_tier_4
259	passive_blue_right_6_1_tier_5
259	passive_blue_right_6_3_tier_1
259	passive_blue_right_6_3_tier_2
259	passive_blue_right_6_3_tier_3
259	passive_blue_right_6_3_tier_4
259	passive_blue_right_6_3_tier_5
259	passive_green_1_1_tier_1
259	passive_green_1_1_tier_2
259	passive_green_1_1_tier_3
259	passive_green_1_1_tier_4
259	passive_green_1_1_tier_5
259	passive_green_1_2_tier_1
259	passive_green_1_2_tier_2
259	passive_green_1_2_tier_3
259	passive_green_1_2_tier_4
259	passive_green_1_2_tier_5
259	passive_green_1_3_tier_1
259	passive_green_1_3_tier_2
259	passive_green_1_3_tier_3
259	passive_green_1_3_tier_4
259	passive_green_1_3_tier_5
259	passive_green_1_4_tier_1
259	passive_green_1_4_tier_2
259	passive_green_1_4_tier_3
259	passive_green_1_4_tier_4
259	passive_green_1_4_tier_5
259	passive_green_1_5_tier_1
259	passive_green_1_5_tier_2
259	passive_green_1_5_tier_3
259	passive_green_1_5_tier_4
259	passive_green_1_5_tier_5
259	passive_green_2_1_tier_1
259	passive_green_2_1_tier_2
259	passive_green_2_1_tier_3
259	passive_green_2_1_tier_4
259	passive_green_2_1_tier_5
259	passive_green_2_3_tier_1
259	passive_green_2_3_tier_2
259	passive_green_2_3_tier_3
259	passive_green_2_3_tier_4
259	passive_green_2_3_tier_5
259	passive_green_2_5_tier_1
259	passive_green_2_5_tier_2
259	passive_green_2_5_tier_3
259	passive_green_2_5_tier_4
259	passive_green_2_5_tier_5
259	passive_green_3_1_tier_1
259	passive_green_3_1_tier_2
259	passive_green_3_1_tier_3
259	passive_green_3_1_tier_4
259	passive_green_3_1_tier_5
259	passive_green_3_2_tier_1
259	passive_green_3_2_tier_2
259	passive_green_3_2_tier_3
259	passive_green_3_2_tier_4
259	passive_green_3_2_tier_5
259	passive_green_3_3_tier_1
259	passive_green_3_3_tier_2
259	passive_green_3_3_tier_3
259	passive_green_3_3_tier_4
259	passive_green_3_3_tier_5
259	passive_green_3_4_tier_1
259	passive_green_3_4_tier_2
259	passive_green_3_4_tier_3
259	passive_green_3_4_tier_4
259	passive_green_3_4_tier_5
259	passive_green_3_5_tier_1
259	passive_green_3_5_tier_2
259	passive_green_3_5_tier_3
259	passive_green_3_5_tier_4
259	passive_green_3_5_tier_5
259	passive_green_left_4_1_tier_1
259	passive_green_left_4_1_tier_2
259	passive_green_left_4_1_tier_3
259	passive_green_left_4_1_tier_4
259	passive_green_left_4_1_tier_5
259	passive_green_left_4_3_tier_1
259	passive_green_left_4_3_tier_2
259	passive_green_left_4_3_tier_3
259	passive_green_left_4_3_tier_4
259	passive_green_left_4_3_tier_5
259	passive_green_left_5_1_tier_1
259	passive_green_left_5_1_tier_2
259	passive_green_left_5_1_tier_3
259	passive_green_left_5_1_tier_4
259	passive_green_left_5_1_tier_5
259	passive_green_left_5_2_tier_1
259	passive_green_left_5_2_tier_2
259	passive_green_left_5_2_tier_3
259	passive_green_left_5_2_tier_4
259	passive_green_left_5_2_tier_5
259	passive_green_left_5_3_tier_1
259	passive_green_left_5_3_tier_2
259	passive_green_left_5_3_tier_3
259	passive_green_left_5_3_tier_4
259	passive_green_left_5_3_tier_5
259	passive_green_left_6_1_tier_1
259	passive_green_left_6_1_tier_2
259	passive_green_left_6_1_tier_3
259	passive_green_left_6_1_tier_4
259	passive_green_left_6_1_tier_5
259	passive_green_left_6_3_tier_1
259	passive_green_left_6_3_tier_2
259	passive_green_left_6_3_tier_3
259	passive_green_left_6_3_tier_4
259	passive_green_left_6_3_tier_5
259	passive_green_mid_4_1_tier_1
259	passive_green_mid_4_1_tier_2
259	passive_green_mid_4_1_tier_3
259	passive_green_mid_4_1_tier_4
259	passive_green_mid_4_1_tier_5
259	passive_green_mid_4_3_tier_1
259	passive_green_mid_4_3_tier_2
259	passive_green_mid_4_3_tier_3
259	passive_green_mid_4_3_tier_4
259	passive_green_mid_4_3_tier_5
259	passive_green_mid_5_1_tier_1
259	passive_green_mid_5_1_tier_2
259	passive_green_mid_5_1_tier_3
259	passive_green_mid_5_1_tier_4
259	passive_green_mid_5_1_tier_5
259	passive_green_mid_5_2_tier_1
259	passive_green_mid_5_2_tier_2
259	passive_green_mid_5_2_tier_3
259	passive_green_mid_5_2_tier_4
259	passive_green_mid_5_2_tier_5
259	passive_green_mid_5_3_tier_1
259	passive_green_mid_5_3_tier_2
259	passive_green_mid_5_3_tier_3
259	passive_green_mid_5_3_tier_4
259	passive_green_mid_5_3_tier_5
259	passive_green_mid_6_1_tier_1
259	passive_green_mid_6_1_tier_2
259	passive_green_mid_6_1_tier_3
259	passive_green_mid_6_1_tier_4
259	passive_green_mid_6_1_tier_5
259	passive_green_mid_6_3_tier_1
259	passive_green_mid_6_3_tier_2
259	passive_green_mid_6_3_tier_3
259	passive_green_mid_6_3_tier_4
259	passive_green_mid_6_3_tier_5
259	passive_green_right_4_1_tier_1
259	passive_green_right_4_1_tier_2
259	passive_green_right_4_1_tier_3
259	passive_green_right_4_1_tier_4
259	passive_green_right_4_1_tier_5
259	passive_green_right_4_3_tier_1
259	passive_green_right_4_3_tier_2
259	passive_green_right_4_3_tier_3
259	passive_green_right_4_3_tier_4
259	passive_green_right_4_3_tier_5
259	passive_green_right_5_1_tier_1
259	passive_green_right_5_1_tier_2
259	passive_green_right_5_1_tier_3
259	passive_green_right_5_1_tier_4
259	passive_green_right_5_1_tier_5
259	passive_green_right_5_2_tier_1
259	passive_green_right_5_2_tier_2
259	passive_green_right_5_2_tier_3
259	passive_green_right_5_2_tier_4
259	passive_green_right_5_2_tier_5
259	passive_green_right_5_3_tier_1
259	passive_green_right_5_3_tier_2
259	passive_green_right_5_3_tier_3
259	passive_green_right_5_3_tier_4
259	passive_green_right_5_3_tier_5
259	passive_green_right_6_1_tier_1
259	passive_green_right_6_1_tier_2
259	passive_green_right_6_1_tier_3
259	passive_green_right_6_1_tier_4
259	passive_green_right_6_1_tier_5
259	passive_green_right_6_3_tier_1
259	passive_green_right_6_3_tier_2
259	passive_green_right_6_3_tier_3
259	passive_green_right_6_3_tier_4
259	passive_green_right_6_3_tier_5
259	passive_red_1_1_tier_1
259	passive_red_1_1_tier_2
259	passive_red_1_1_tier_3
259	passive_red_1_1_tier_4
259	passive_red_1_1_tier_5
259	passive_red_1_2_tier_1
259	passive_red_1_2_tier_2
259	passive_red_1_2_tier_3
259	passive_red_1_2_tier_4
259	passive_red_1_2_tier_5
259	passive_red_1_3_tier_1
259	passive_red_1_3_tier_2
259	passive_red_1_3_tier_3
259	passive_red_1_3_tier_4
259	passive_red_1_3_tier_5
259	passive_red_1_4_tier_1
259	passive_red_1_4_tier_2
259	passive_red_1_4_tier_3
259	passive_red_1_4_tier_4
259	passive_red_1_4_tier_5
259	passive_red_1_5_tier_1
259	passive_red_1_5_tier_2
259	passive_red_1_5_tier_3
259	passive_red_1_5_tier_4
259	passive_red_1_5_tier_5
259	passive_red_2_1_tier_1
259	passive_red_2_1_tier_2
259	passive_red_2_1_tier_3
259	passive_red_2_1_tier_4
259	passive_red_2_1_tier_5
259	passive_red_2_3_tier_1
259	passive_red_2_3_tier_2
259	passive_red_2_3_tier_3
259	passive_red_2_3_tier_4
259	passive_red_2_3_tier_5
259	passive_red_2_5_tier_1
259	passive_red_2_5_tier_2
259	passive_red_2_5_tier_3
259	passive_red_2_5_tier_4
259	passive_red_2_5_tier_5
259	passive_red_3_1_tier_1
259	passive_red_3_1_tier_2
259	passive_red_3_1_tier_3
259	passive_red_3_1_tier_4
259	passive_red_3_1_tier_5
259	passive_red_3_2_tier_1
259	passive_red_3_2_tier_2
259	passive_red_3_2_tier_3
259	passive_red_3_2_tier_4
259	passive_red_3_2_tier_5
259	passive_red_3_3_tier_1
259	passive_red_3_3_tier_2
259	passive_red_3_3_tier_3
259	passive_red_3_3_tier_4
259	passive_red_3_3_tier_5
259	passive_red_3_4_tier_1
259	passive_red_3_4_tier_2
259	passive_red_3_4_tier_3
259	passive_red_3_4_tier_4
259	passive_red_3_4_tier_5
259	passive_red_3_5_tier_1
259	passive_red_3_5_tier_2
259	passive_red_3_5_tier_3
259	passive_red_3_5_tier_4
259	passive_red_3_5_tier_5
259	passive_red_left_4_1_tier_1
259	passive_red_left_4_1_tier_2
259	passive_red_left_4_1_tier_3
259	passive_red_left_4_1_tier_4
259	passive_red_left_4_1_tier_5
259	passive_red_left_4_3_tier_1
259	passive_red_left_4_3_tier_2
259	passive_red_left_4_3_tier_3
259	passive_red_left_4_3_tier_4
259	passive_red_left_4_3_tier_5
259	passive_red_left_5_1_tier_1
259	passive_red_left_5_1_tier_2
259	passive_red_left_5_1_tier_3
259	passive_red_left_5_1_tier_4
259	passive_red_left_5_1_tier_5
259	passive_red_left_5_2_tier_1
259	passive_red_left_5_2_tier_2
259	passive_red_left_5_2_tier_3
259	passive_red_left_5_2_tier_4
259	passive_red_left_5_2_tier_5
259	passive_red_left_5_3_tier_1
259	passive_red_left_5_3_tier_2
259	passive_red_left_5_3_tier_3
259	passive_red_left_5_3_tier_4
259	passive_red_left_5_3_tier_5
259	passive_red_left_6_1_tier_1
259	passive_red_left_6_1_tier_2
259	passive_red_left_6_1_tier_3
259	passive_red_left_6_1_tier_4
259	passive_red_left_6_1_tier_5
259	passive_red_left_6_3_tier_1
259	passive_red_left_6_3_tier_2
259	passive_red_left_6_3_tier_3
259	passive_red_left_6_3_tier_4
259	passive_red_left_6_3_tier_5
259	passive_red_mid_4_1_tier_1
259	passive_red_mid_4_1_tier_2
259	passive_red_mid_4_1_tier_3
259	passive_red_mid_4_1_tier_4
259	passive_red_mid_4_1_tier_5
259	passive_red_mid_4_3_tier_1
259	passive_red_mid_4_3_tier_2
259	passive_red_mid_4_3_tier_3
259	passive_red_mid_4_3_tier_4
259	passive_red_mid_4_3_tier_5
259	passive_red_mid_5_1_tier_1
259	passive_red_mid_5_1_tier_2
259	passive_red_mid_5_1_tier_3
259	passive_red_mid_5_1_tier_4
259	passive_red_mid_5_1_tier_5
259	passive_red_mid_5_2_tier_1
259	passive_red_mid_5_2_tier_2
259	passive_red_mid_5_2_tier_3
259	passive_red_mid_5_2_tier_4
259	passive_red_mid_5_2_tier_5
259	passive_red_mid_5_3_tier_1
259	passive_red_mid_5_3_tier_2
259	passive_red_mid_5_3_tier_3
259	passive_red_mid_5_3_tier_4
259	passive_red_mid_5_3_tier_5
259	passive_red_mid_6_1_tier_1
259	passive_red_mid_6_1_tier_2
259	passive_red_mid_6_1_tier_3
259	passive_red_mid_6_1_tier_4
259	passive_red_mid_6_1_tier_5
259	passive_red_mid_6_3_tier_1
259	passive_red_mid_6_3_tier_2
259	passive_red_mid_6_3_tier_3
259	passive_red_mid_6_3_tier_4
259	passive_red_mid_6_3_tier_5
259	passive_red_right_4_1_tier_1
259	passive_red_right_4_1_tier_2
259	passive_red_right_4_1_tier_3
259	passive_red_right_4_1_tier_4
259	passive_red_right_4_1_tier_5
259	passive_red_right_4_3_tier_1
259	passive_red_right_4_3_tier_2
259	passive_red_right_4_3_tier_3
259	passive_red_right_4_3_tier_4
259	passive_red_right_4_3_tier_5
259	passive_red_right_5_1_tier_1
259	passive_red_right_5_1_tier_2
259	passive_red_right_5_1_tier_3
259	passive_red_right_5_1_tier_4
259	passive_red_right_5_1_tier_5
259	passive_red_right_5_2_tier_1
259	passive_red_right_5_2_tier_2
259	passive_red_right_5_2_tier_3
259	passive_red_right_5_2_tier_4
259	passive_red_right_5_2_tier_5
259	passive_red_right_5_3_tier_1
259	passive_red_right_5_3_tier_2
259	passive_red_right_5_3_tier_3
259	passive_red_right_5_3_tier_4
259	passive_red_right_5_3_tier_5
259	passive_red_right_6_1_tier_1
259	passive_red_right_6_1_tier_2
259	passive_red_right_6_1_tier_3
259	passive_red_right_6_1_tier_4
259	passive_red_right_6_1_tier_5
259	passive_red_right_6_3_tier_1
259	passive_red_right_6_3_tier_2
259	passive_red_right_6_3_tier_3
259	passive_red_right_6_3_tier_4
259	passive_red_right_6_3_tier_5
261	comp_01_common
261	comp_02_uncommon
261	comp_03_rare
261	comp_04_epic
261	comp_05_legendary_shinywarpaint
261	part_augment_unique_shinywarpaint
261	part_tor
263	comp_01_common
263	comp_02_uncommon
263	comp_03_rare
263	comp_04_epic
263	comp_05_legendary
263	comp_05_legendary_disco_disc
263	comp_05_legendary_recursive
263	part_02_divider_02_seeker_mal
263	part_02_divider_04_repeater_mal
263	part_02_divider_maliwan
263	part_disco_disc
263	part_mal
263	part_recursive
264	comp_01_common
264	comp_02_uncommon
264	comp_03_rare
264	comp_04_epic
264	comp_05_legendary
264	part_core_hyp_bulwark
264	part_core_hyp_shockguard
264	part_core_hyp_stabilizer
264	part_core_hyp_stimconverter
265	comp_01_common
265	comp_02_uncommon
265	comp_03_rare
265	comp_04_epic
265	comp_05_legendary_defibrillator
265	comp_05_legendary_vitae
265	part_augment_unique_defibrillator
265	part_augment_unique_vitae
265	part_jak
266	comp_01_common
266	comp_02_uncommon
266	comp_03_rare
266	comp_04_epic
266	comp_05_legendary_bloodanalyzer
266	comp_05_legendary_geigerroid
266	part_augment_unique_bloodanalyzer
266	part_mal
267	comp_01_common
267	comp_02_uncommon
267	comp_03_rare
267	comp_04_epic
267	comp_05_legendary
267	comp_05_legendary_bismuth
267	comp_05_legendary_shokunai
267	comp_05_spinning_blade
267	part_02_divider_02_seeker_jak
267	part_02_divider_04_repeater_jak
267	part_02_divider_jak
267	part_bismuth_corrosive
267	part_bismuth_cryo
267	part_bismuth_fire
267	part_bismuth_radiation
267	part_bismuth_shock
267	part_jak
267	part_jak_bismuth
267	part_shokunai
267	part_spinning_blade
268	comp_01_common
268	comp_02_uncommon
268	comp_03_rare
268	comp_04_epic
268	comp_05_legendary
268	part_core_jak_bouncepass
268	part_core_jak_leaper
268	part_core_jak_piercer
268	part_core_jak_sequencer
269	comp_01_common
269	comp_02_uncommon
269	comp_03_rare
269	comp_04_epic
269	comp_05_legendary_adrenalinepump
269	part_augment_unique_adrenalinepump
269	part_vla
270	comp_01_common
270	comp_02_uncommon
270	comp_03_rare
270	comp_04_epic
270	comp_05_legendary
270	comp_05_legendary_axe
270	comp_05_legendary_fuse
270	part_dad
270	part_payload_axe
270	part_payload_fuse
271	comp_01_common
271	comp_02_uncommon
271	comp_03_rare
271	comp_04_epic
271	comp_05_legendary
271	part_core_mal_mixologist
271	part_core_mal_primedpotency
271	part_core_mal_synthesizer
271	part_core_mal_transfuser
272	comp_01_common
272	comp_02_uncommon
272	comp_03_rare
272	comp_04_epic
272	comp_05_legendary
272	comp_05_legendary_aggrovator
272	comp_05_legendary_skully
272	comp_05_legendary_swarm
272	part_01_mirv_05_swarm
272	part_aggrovator
272	part_ord
272	part_skully
273	comp_01_common
273	comp_02_uncommon
273	comp_02_uncommon_unique_heavyturret
273	comp_03_rare
273	comp_04_epic
273	comp_05_legendary
273	comp_05_legendary_dahlfather
273	comp_05_legendary_javelin
273	comp_05_legendary_ravenfire
273	comp_05_legendary_sidewinder
273	part_barrel_01
273	part_barrel_01_a
273	part_barrel_01_axb
273	part_barrel_01_axc
273	part_barrel_01_axd
273	part_barrel_01_b
273	part_barrel_01_bxa
273	part_barrel_01_bxc
273	part_barrel_01_bxd
273	part_barrel_01_c
273	part_barrel_01_cxa
273	part_barrel_01_cxb
273	part_barrel_01_cxd
273	part_barrel_01_d
273	part_barrel_01_dxa
273	part_barrel_01_dxb
273	part_barrel_01_dxc
273	part_barrel_01_ted_sg_heavyturret
273	part_barrel_02
273	part_barrel_02_a
273	part_barrel_02_b
273	part_barrel_02_c
273	part_barrel_02_d
273	part_barrel_dahlfather
273	part_barrel_javelin
273	part_body
273	part_body_a
273	part_body_b
273	part_body_c
273	part_body_d
273	part_normal
273	part_unique_barrel_01_sidewinder
273	part_unique_barrel_02_ravenfire
274	comp_01_common
274	comp_02_uncommon
274	comp_03_rare
274	comp_04_epic
274	comp_05_legendary_augmenter
274	comp_05_legendary_hugger
274	part_augment_unique_augmenter
274	part_augment_unique_hugger
274	part_borg
275	comp_01_common
275	comp_02_uncommon
275	comp_03_rare
275	comp_04_epic
275	comp_05_legendary
275	comp_05_legendary_discjockey
275	comp_05_legendary_draupner
275	comp_05_legendary_jetset
275	comp_05_legendary_streamer
275	part_barrel_01
275	part_barrel_01_a
275	part_barrel_01_axd
275	part_barrel_01_b
275	part_barrel_01_c
275	part_barrel_01_d
275	part_barrel_01_dxa
275	part_barrel_01_streamer
275	part_barrel_02
275	part_barrel_02_a
275	part_barrel_02_axc
275	part_barrel_02_axd
275	part_barrel_02_b
275	part_barrel_02_c
275	part_barrel_02_cxa
275	part_barrel_02_cxd
275	part_barrel_02_d
275	part_barrel_02_discjockey
275	part_barrel_02_draupner
275	part_barrel_02_dxa
275	part_barrel_02_dxc
275	part_barrel_02_jetset
275	part_body
275	part_body_a
275	part_body_b
275	part_body_c
275	part_body_d
276	comp_01_common
276	comp_02_uncommon
276	comp_03_rare
276	comp_04_epic
276	comp_05_legendary
277	comp_01_common
277	comp_02_uncommon
277	comp_03_rare
277	comp_04_epic
277	comp_05_legendary_healthraiser
277	comp_05_legendary_pacemaker
277	part_augment_unique_healthraiser
277	part_augment_unique_pacemaker
277	part_dad
278	comp_01_common
278	comp_02_uncommon
278	comp_03_rare
278	comp_04_epic
278	comp_05_legendary
278	comp_05_legendary_buoy
278	comp_05_legendary_pellet
278	comp_05_legendary_rubber
278	comp_05_legendary_transmission
278	part_02_divider_02_seeker_borg
278	part_02_divider_04_repeater_borg
278	part_02_divider_borg
278	part_borg
278	part_payload_unique_buoy
278	part_payload_unique_pellet
278	part_payload_unique_rubber
278	part_payload_unique_transmission
279	comp_01_common
279	comp_02_uncommon
279	comp_03_rare
279	comp_04_epic
279	comp_05_elpisstar
279	comp_05_legendary
279	comp_05_momento
279	comp_05_supernova
279	part_body_energy
279	part_unique_elpisstar
279	part_unique_momento
279	part_unique_supernova
280	part_active_sit_rep
281	comp_01_common
281	comp_02_uncommon
281	comp_03_rare
281	comp_04_epic
281	comp_05_legendary
281	part_core_ord_ammogenerator
281	part_core_ord_freecharger
281	part_core_ord_muzzlebrake
281	part_core_ord_powershot
282	comp_01_common
282	comp_02_uncommon
282	comp_03_rare
282	comp_04_epic
282	comp_05_legendary
282	comp_05_legendary_atlinggun
282	comp_05_legendary_flak
282	comp_05_legendary_splatoon
282	part_barrel_01
282	part_barrel_01_a
282	part_barrel_01_b
282	part_barrel_01_c
282	part_barrel_01_cxd
282	part_barrel_01_d
282	part_barrel_01_dxc
282	part_barrel_02
282	part_barrel_02_a
282	part_barrel_02_ac
282	part_barrel_02_ad
282	part_barrel_02_b
282	part_barrel_02_c
282	part_barrel_02_d
282	part_barrel_02_flak
282	part_barrel_02_splatoon
282	part_body
282	part_body_a
282	part_body_b
282	part_body_c
282	part_body_d
282	part_normal
282	part_unique_barrel_01_atlinggun
283	comp_01_common
283	comp_02_uncommon
283	comp_03_rare
283	comp_04_epic
283	comp_05_legendary
283	comp_05_legendary_heavyweight
283	comp_05_legendary_hoarder
283	comp_05_legendary_undershield
283	part_body_armor
283	part_body_armor_heavyweight
283	part_body_armor_hoarder
283	part_body_armor_undershield
284	comp_01_common
284	comp_02_uncommon
284	comp_03_rare
284	comp_04_epic
284	comp_05_legendary
284	part_core_atl_protractor
284	part_core_atl_sureshot
284	part_core_atl_trackerantenna
284	part_core_atl_traumabond
285	comp_01_common
285	comp_02_uncommon
285	comp_03_rare
285	comp_04_epic
285	comp_05_legendary_paleblood
285	comp_05_legendary_triplebypass
285	part_augment_unique_paleblood
285	part_augment_unique_triplebypass
285	part_ord
286	comp_01_common
286	comp_02_uncommon
286	comp_03_rare
286	comp_04_epic
286	comp_05_legendary
286	part_core_cov_coldopen
286	part_core_cov_ducttape
286	part_core_cov_smelter
286	part_core_cov_ventilator
287	comp_01_common
287	comp_02_uncommon
287	comp_03_rare
287	comp_04_epic
287	comp_05_legendary
287	comp_05_legendary_hopscotch
287	comp_05_legendary_pocketbuddies
287	comp_05_legendary_shieldboi
287	comp_05_legendary_timekeeper
287	part_body_armor
287	part_body_hopscotch
287	part_body_pocketbuddies
287	part_body_shieldboi
287	part_body_timekeeper
288	comp_01_common
288	comp_02_uncommon
288	comp_03_rare
288	comp_04_epic
288	comp_05_legendary
288	part_01_basic_gun
288	part_02_chaingun
288	part_03_longrifle
288	part_04_shotgun
288	part_05_rocketlauncher
288	part_06_beam
288	part_anointed_movement_speed
288	part_body_01_ground
288	part_body_02_floating
288	part_body_03_maglock
288	part_corrosive
288	part_cryo
288	part_endgame_gadgetused_damage_turret
288	part_endgame_none
288	part_fire
288	part_normal
288	part_primary_01_cooldown
288	part_primary_02_damage
288	part_primary_03_fire_rate
288	part_primary_04_targeting
288	part_primary_05_elemental_power
288	part_primary_06_duration
288	part_primary_07_accuracy
288	part_primary_08_armor
288	part_primary_09_deployed_detonation
288	part_primary_10_welterweight
288	part_radiation
288	part_secondary_01_double_turret
288	part_secondary_02_second_weapon_01_basic_gun
288	part_secondary_02_second_weapon_02_chaingun
288	part_secondary_02_second_weapon_03_longbarrel
288	part_secondary_02_second_weapon_04_shotgun
288	part_secondary_02_second_weapon_05_rocket
288	part_secondary_02_second_weapon_06_beam
288	part_secondary_03_mortar
288	part_secondary_04_railgun
288	part_secondary_05_pierce
288	part_secondary_06_critical_chance
288	part_secondary_07_thorns
288	part_secondary_08_two_shot
288	part_secondary_09_kill_streak
288	part_secondary_10_bouncing_grenades
288	part_secondary_11_cooldown
288	part_secondary_12_damage
288	part_secondary_13_fire_rate
288	part_secondary_14_targeting
288	part_secondary_15_elemental_power
288	part_secondary_16_duration
288	part_secondary_17_accuracy
288	part_secondary_19_deployed_detonation
288	part_shock
288	part_sonic
289	comp_01_common
289	comp_02_uncommon
289	comp_03_rare
289	comp_04_epic
289	comp_05_legendary
289	comp_05_legendary_barrel
289	comp_05_legendary_bottledlightning
289	comp_05_legendary_gammavoid
289	comp_05_legendary_ichor
289	part_barrel_01
289	part_barrel_01_a
289	part_barrel_01_b
289	part_barrel_01_c
289	part_barrel_01_d
289	part_barrel_01_ichor
289	part_barrel_02
289	part_barrel_02_a
289	part_barrel_02_axd
289	part_barrel_02_b
289	part_barrel_02_barrel
289	part_barrel_02_bottledlightning
289	part_barrel_02_c
289	part_barrel_02_d
289	part_barrel_02_dxa
289	part_barrel_02_gammavoid
289	part_body
289	part_body_a
289	part_body_b
289	part_body_c
289	part_body_d
290	comp_01_common
290	comp_02_uncommon
290	comp_03_rare
290	comp_04_epic
290	comp_05_legendary_killspring
290	part_augment_unique_killspring
290	part_ted
291	comp_01_common
291	comp_02_uncommon
291	comp_03_rare
291	comp_04_epic
291	comp_05_legendary
291	comp_05_legendary_barb
291	comp_05_legendary_blockbuster
291	comp_05_legendary_waterfall
291	part_barb
291	part_blockbuster
291	part_vla
291	part_vla_waterfall
292	comp_01_common
292	comp_02_uncommon
292	comp_03_rare
292	comp_04_epic
292	comp_05_legendary
292	part_core_ted_banger
292	part_core_ted_digidivider
292	part_core_ted_extendafriend
292	part_core_ted_recycler
293	comp_01_common
293	comp_02_uncommon
293	comp_03_rare
293	comp_04_epic
293	comp_05_legendary
293	comp_05_legendary_cindershelly
293	comp_05_legendary_collector
293	comp_05_legendary_proteancell
293	part_body_energy
293	part_body_energy_collector
293	part_body_energy_proteancell
293	part_unique_cindershelly
294	comp_01_common
294	comp_02_uncommon
294	comp_03_rare
294	comp_04_epic
294	comp_05_legendary
294	part_endgame_gadget_used_damage
294	part_enemy_corrosive
294	part_enemy_cryo
294	part_primary_barrier_barred_aggression
294	part_primary_barrier_bullet_amp_gate
294	part_primary_barrier_dome
294	part_primary_barrier_elemental_field_corrosive
294	part_primary_barrier_elemental_field_cryo
294	part_primary_barrier_elemental_field_fire
294	part_primary_barrier_elemental_field_radiation
294	part_primary_barrier_elemental_field_shock
294	part_primary_barrier_elemental_field_sonic
294	part_primary_barrier_health
294	part_primary_barrier_reflection
294	part_primary_barrier_scopes_up
294	part_primary_barrier_speed_gate
294	part_primary_combat_cold_shoulder
294	part_primary_combat_contamination
294	part_primary_combat_kill_clip
294	part_primary_combat_orbiting
294	part_primary_combat_potency
294	part_primary_combat_radius
294	part_primary_combat_reverb
294	part_primary_combat_to_the_nth
294	part_primary_healing_iron_skin
294	part_primary_healing_leech_seed
294	part_primary_healing_life_steal
294	part_primary_healing_overshield
294	part_primary_healing_potency
294	part_primary_healing_radius
294	part_primary_healing_shield_recharger
294	part_primary_healing_thorns
294	part_secondary_barrier_barred_aggression
294	part_secondary_barrier_bullet_amp_gate
294	part_secondary_barrier_dome
294	part_secondary_barrier_elemental_field_corrosive
294	part_secondary_barrier_elemental_field_cryo
294	part_secondary_barrier_elemental_field_fire
294	part_secondary_barrier_elemental_field_radiation
294	part_secondary_barrier_elemental_field_shock
294	part_secondary_barrier_elemental_field_sonic
294	part_secondary_barrier_health
294	part_secondary_barrier_reflection
294	part_secondary_barrier_scopes_up
294	part_secondary_barrier_speed_gate
294	part_secondary_combat_cold_shoulder
294	part_secondary_combat_contamination
294	part_secondary_combat_kill_clip
294	part_secondary_combat_orbiting
294	part_secondary_combat_potency
294	part_secondary_combat_radius
294	part_secondary_combat_reverb
294	part_secondary_combat_to_the_nth
294	part_secondary_healing_iron_skin
294	part_secondary_healing_leech_seed
294	part_secondary_healing_life_steal
294	part_secondary_healing_overshield
294	part_secondary_healing_potency
294	part_secondary_healing_radius
294	part_secondary_healing_shield_recharge
294	part_secondary_healing_thorns
295	part_hot_off_the_press
295	part_me_layhem
295	part_nova_bomb_active
296	comp_01_common
296	comp_02_uncommon
296	comp_03_rare
296	comp_04_epic
296	comp_05_legendary
296	part_core_bor_freeloader
296	part_core_bor_hardcharger
296	part_core_bor_highroller
296	part_core_bor_shortcircuit
297	part_active_bogo
297	part_active_healer_on_the_go
297	part_active_shield_stabilizer
298	body_flare
298	comp_01_common
298	comp_02_uncommon
298	comp_03_rare
298	comp_04_epic
298	comp_05_legendary
298	comp_05_legendary_firepot
298	comp_05_legendary_flare
298	comp_05_legendary_slippy
298	part_tor
298	part_tor_slippy
298	payload_firepot
299	comp_01_common
299	comp_02_uncommon
299	comp_03_rare
299	comp_04_epic
299	comp_05_legendary
299	part_core_dad_accelerator
299	part_core_dad_backupplan
299	part_core_dad_bulletfabricator
299	part_core_dad_stockpiler
300	comp_01_common
300	comp_02_uncommon
300	comp_03_rare
300	comp_04_epic
300	comp_05_legendary
300	comp_05_legendary_firewall
300	comp_05_legendary_lightning
300	comp_05_legendary_overswarm
300	comp_05_legendary_watts4dinner
300	part_body_energy
300	part_body_energy_firewall
300	part_body_energy_lightning
300	part_body_energy_overswarm
300	part_body_energy_watts4dinner
303	comp_01_common
303	comp_02_uncommon
303	comp_03_rare
303	comp_04_epic
303	comp_05_legendary
303	part_core_tor_airburst
303	part_core_tor_boompuppy
303	part_core_tor_explosiception
303	part_core_tor_headringer
304	comp_turret_weapon
304	exosoldier_turret_base
304	part_body
304	part_normal
304	part_turretweapon_chaingun_pierce
304	part_turretweapon_chaingun_underbarrel
305	comp_01_common
305	comp_02_uncommon
305	comp_03_rare
305	comp_04_epic
305	comp_05_legendary
305	part_body
306	comp_01_common
306	comp_02_uncommon
306	comp_03_rare
306	comp_04_epic
306	comp_05_legendary
306	comp_05_legendary_barrelaged
306	comp_05_legendary_onionlayeredguard
306	part_body_armor
306	part_body_armor_onionlayeredguard
306	part_body_barrelaged
307	comp_01_common
307	comp_02_uncommon
307	comp_03_rare
307	comp_04_epic
307	comp_05_hotoffthepress
307	comp_05_legendary
307	part_body
308	comp_turret_weapon
308	part_body
308	part_normal
308	part_turretweapon_longrifle_pierce
308	part_turretweapon_longrifle_underbarrel
309	comp_01_common
309	comp_02_uncommon
309	comp_03_rare
309	comp_04_epic
309	comp_05_legendary
309	comp_05_melaymen
309	part_body
310	comp_01_common
310	comp_02_uncommon
310	comp_03_rare
310	comp_04_epic
310	comp_05_legendary
310	part_core_vla_bottomfeeder
310	part_core_vla_boxmagazine
310	part_core_vla_bullethose
310	part_core_vla_underdog
311	comp_01_common
311	comp_02_uncommon
311	comp_03_rare
311	comp_04_epic
311	comp_05_legendary
311	comp_05_legendary_faultydetonator
311	comp_05_legendary_ordinance
311	comp_05_legendary_predatordrone
311	comp_05_legendary_urchin
311	part_faultydetonator
311	part_ordinance
311	part_predatordrone
311	part_ted
311	part_urchin
312	comp_01_common
312	comp_02_uncommon
312	comp_03_rare
312	comp_04_epic
312	comp_05_legendary
312	comp_05_legendary_angel
312	comp_05_legendary_honeybadger
312	comp_05_legendary_supersoldier
312	part_body_angel
312	part_body_energy
312	part_body_honeybadger
312	part_unique_supersoldier
319	comp_01_common
319	comp_02_uncommon
319	comp_03_rare
319	comp_04_epic
319	comp_05_legendary
319	comp_05_stabilizer
319	part_body
320	comp_turret_weapon
320	exosoldier_turret_rocket
320	part_body
320	part_normal
320	part_turretweapon_rl_pierce
320	part_turretweapon_rl_underbarrel
321	comp_01_common
321	comp_02_uncommon
321	comp_03_rare
321	comp_04_epic
321	comp_05_legendary
321	comp_05_legendary_compleat
321	comp_05_legendary_firewerks
321	part_body_armor
321	part_body_armor_compleat
321	part_unique_firewerks
322	comp_01_common
322	comp_02_uncommon
322	comp_03_rare
322	comp_04_epic
322	comp_05_bogo
322	comp_05_legendary
322	comp_05_onthego
322	part_body
323	comp_01_common
323	comp_02_uncommon
323	comp_03_rare
323	comp_04_epic
323	comp_05_legendary
323	part_ele_control
324	comp_turret_weapon
324	exosoldier_turret_shotgun
324	part_body
324	part_normal
324	part_turretweapon_sg_underbarrel
324	part_turretweapon_shotgun_pierce
325	comp_01_common
325	comp_02_uncommon
325	comp_03_rare
325	comp_04_epic
325	comp_05_legendary
325	comp_05_sitrep
325	part_body
326	comp_01_common
326	comp_02_uncommon
326	comp_03_rare
326	comp_04_epic
326	comp_05_legendary
326	comp_05_legendary_anchor
326	part_ele_control
326	part_unique_beam_anchor
327	comp_01_common
327	comp_02_uncommon
327	comp_03_rare
327	comp_04_epic
327	comp_05_legendary
327	comp_05_novabomb
327	part_body
328	comp_01_common
328	comp_02_uncommon
328	comp_03_rare
328	comp_04_epic
328	comp_05_legendary
328	part_body
335	comp_01_common
335	comp_02_uncommon
335	comp_03_rare
335	comp_04_epic
335	comp_05_legendary
335	part_ele_control
360	comp_01_common
360	comp_02_uncommon
360	comp_03_rare
360	comp_04_epic
360	comp_05_legendary
360	part_ele_control
373	comp_01_common
373	comp_02_uncommon
373	comp_03_rare
373	comp_04_epic
373	comp_05_legendary
373	part_ele_control
374	comp_01_common
374	comp_02_uncommon
374	comp_03_rare
374	comp_04_epic
374	comp_05_legendary
374	part_ele_control
376	comp_turret_weapon
376	part_body
376	part_normal
376	part_turretweapon_underbarrel_basic
376	turret_weapon_augment_basic_pierce
377	comp_01_common
377	comp_02_uncommon
377	comp_03_rare
377	comp_04_epic
377	comp_05_legendary
377	part_ele_control
378	comp_01_common
378	comp_02_uncommon
378	comp_03_rare
378	comp_04_epic
378	comp_05_legendary
378	part_ele_control
379	comp_turret_weapon
379	comp_turret_weapon_beam_anchor
379	part_body
379	part_body_anchor
379	part_normal
379	part_turretweapon_beam_pierce
379	part_turretweapon_beam_underbarrel
381	comp_soldier_sprayer
381	comp_soldier_sprayer_0
381	part_body_lp
382	comp_missionturret_chaingun
382	part_body
383	comp_meathead_rocket
383	part_body
384	comp_turret_chaingun
384	part_body
385	comp_ripperturret_flamethrower
385	part_body
386	comp_ripperturret_rocket
386	part_body
387	comp_badass
387	comp_brute_facelaser
387	comp_cannon
387	comp_missile
387	part_body
387	part_body_badass
387	part_body_cannon
387	part_body_missile
388	comp_gunship_maingun
388	part_body
389	comp_badass
389	comp_camera
389	comp_default
389	comp_wideangle
389	comp_zanedrone
389	part_body
389	part_body_badass
389	part_body_camera
389	part_body_wideangle
390	comp_meathead_chaingun
390	part_body
391	comp_meathead_flamethrower
391	part_body
392	comp_splicearm_launcher
392	part_body
399	compsplicejumborocket
399	part_body
404	body_01
404	body_02
404	body_03
404	body_04
404	body_05
404	body_06
404	body_07
404	body_08
404	body_09
404	body_10
404	comp_01_common
404	comp_02_uncommon
404	comp_03_rare
404	comp_04_epic
404	comp_05_legendary_01
404	comp_05_legendary_02
404	comp_05_legendary_03
404	comp_05_legendary_04
404	comp_05_legendary_05
404	comp_05_legendary_06
404	comp_05_legendary_dlc1
404	comp_05_legendary_raid1
404	comp_05_legendary_raid2
404	comp_05_legendary_tuba
404	leg_body_01
404	leg_body_02
404	leg_body_03
404	leg_body_04
404	leg_body_05
404	leg_body_06
404	leg_body_dlc1
404	leg_body_raid1
404	leg_body_raid2
404	leg_body_tuba
404	passive_blue_1_1_tier_1
404	passive_blue_1_1_tier_2
404	passive_blue_1_1_tier_3
404	passive_blue_1_1_tier_4
404	passive_blue_1_1_tier_5
404	passive_blue_1_2_tier_1
404	passive_blue_1_2_tier_2
404	passive_blue_1_2_tier_3
404	passive_blue_1_2_tier_4
404	passive_blue_1_2_tier_5
404	passive_blue_1_3_tier_1
404	passive_blue_1_3_tier_2
404	passive_blue_1_3_tier_3
404	passive_blue_1_3_tier_4
404	passive_blue_1_3_tier_5
404	passive_blue_1_4_tier_1
404	passive_blue_1_4_tier_2
404	passive_blue_1_4_tier_3
404	passive_blue_1_4_tier_4
404	passive_blue_1_4_tier_5
404	passive_blue_1_5_tier_1
404	passive_blue_1_5_tier_2
404	passive_blue_1_5_tier_3
404	passive_blue_1_5_tier_4
404	passive_blue_1_5_tier_5
404	passive_blue_2_1_tier_1
404	passive_blue_2_1_tier_2
404	passive_blue_2_1_tier_3
404	passive_blue_2_1_tier_4
404	passive_blue_2_1_tier_5
404	passive_blue_2_3_tier_1
404	passive_blue_2_3_tier_2
404	passive_blue_2_3_tier_3
404	passive_blue_2_3_tier_4
404	passive_blue_2_3_tier_5
404	passive_blue_2_5_tier_1
404	passive_blue_2_5_tier_2
404	passive_blue_2_5_tier_3
404	passive_blue_2_5_tier_4
404	passive_blue_2_5_tier_5
404	passive_blue_3_1_tier_1
404	passive_blue_3_1_tier_2
404	passive_blue_3_1_tier_3
404	passive_blue_3_1_tier_4
404	passive_blue_3_1_tier_5
404	passive_blue_3_2_tier_1
404	passive_blue_3_2_tier_2
404	passive_blue_3_2_tier_3
404	passive_blue_3_2_tier_4
404	passive_blue_3_2_tier_5
404	passive_blue_3_3_tier_1
404	passive_blue_3_3_tier_2
404	passive_blue_3_3_tier_3
404	passive_blue_3_3_tier_4
404	passive_blue_3_3_tier_5
404	passive_blue_3_4_tier_1
404	passive_blue_3_4_tier_2
404	passive_blue_3_4_tier_3
404	passive_blue_3_4_tier_4
404	passive_blue_3_4_tier_5
404	passive_blue_3_5_tier_1
404	passive_blue_3_5_tier_2
404	passive_blue_3_5_tier_3
404	passive_blue_3_5_tier_4
404	passive_blue_3_5_tier_5
404	passive_blue_left_4_1_tier_1
404	passive_blue_left_4_1_tier_2
404	passive_blue_left_4_1_tier_3
404	passive_blue_left_4_1_tier_4
404	passive_blue_left_4_1_tier_5
404	passive_blue_left_4_3_tier_1
404	passive_blue_left_4_3_tier_2
404	passive_blue_left_4_3_tier_3
404	passive_blue_left_4_3_tier_4
404	passive_blue_left_4_3_tier_5
404	passive_blue_left_5_1_tier_1
404	passive_blue_left_5_1_tier_2
404	passive_blue_left_5_1_tier_3
404	passive_blue_left_5_1_tier_4
404	passive_blue_left_5_1_tier_5
404	passive_blue_left_5_2_tier_1
404	passive_blue_left_5_2_tier_2
404	passive_blue_left_5_2_tier_3
404	passive_blue_left_5_2_tier_4
404	passive_blue_left_5_2_tier_5
404	passive_blue_left_5_3_tier_1
404	passive_blue_left_5_3_tier_2
404	passive_blue_left_5_3_tier_3
404	passive_blue_left_5_3_tier_4
404	passive_blue_left_5_3_tier_5
404	passive_blue_left_6_1_tier_1
404	passive_blue_left_6_1_tier_2
404	passive_blue_left_6_1_tier_3
404	passive_blue_left_6_1_tier_4
404	passive_blue_left_6_1_tier_5
404	passive_blue_left_6_3_tier_1
404	passive_blue_left_6_3_tier_2
404	passive_blue_left_6_3_tier_3
404	passive_blue_left_6_3_tier_4
404	passive_blue_left_6_3_tier_5
404	passive_blue_mid_4_1_tier_1
404	passive_blue_mid_4_1_tier_2
404	passive_blue_mid_4_1_tier_3
404	passive_blue_mid_4_1_tier_4
404	passive_blue_mid_4_1_tier_5
404	passive_blue_mid_4_3_tier_1
404	passive_blue_mid_4_3_tier_2
404	passive_blue_mid_4_3_tier_3
404	passive_blue_mid_4_3_tier_4
404	passive_blue_mid_4_3_tier_5
404	passive_blue_mid_5_1_tier_1
404	passive_blue_mid_5_1_tier_2
404	passive_blue_mid_5_1_tier_3
404	passive_blue_mid_5_1_tier_4
404	passive_blue_mid_5_1_tier_5
404	passive_blue_mid_5_2_tier_1
404	passive_blue_mid_5_2_tier_2
404	passive_blue_mid_5_2_tier_3
404	passive_blue_mid_5_2_tier_4
404	passive_blue_mid_5_2_tier_5
404	passive_blue_mid_5_3_tier_1
404	passive_blue_mid_5_3_tier_2
404	passive_blue_mid_5_3_tier_3
404	passive_blue_mid_5_3_tier_4
404	passive_blue_mid_5_3_tier_5
404	passive_blue_mid_6_1_tier_1
404	passive_blue_mid_6_1_tier_2
404	passive_blue_mid_6_1_tier_3
404	passive_blue_mid_6_1_tier_4
404	passive_blue_mid_6_1_tier_5
404	passive_blue_mid_6_3_tier_1
404	passive_blue_mid_6_3_tier_2
404	passive_blue_mid_6_3_tier_3
404	passive_blue_mid_6_3_tier_4
404	passive_blue_mid_6_3_tier_5
404	passive_blue_right_4_1_tier_1
404	passive_blue_right_4_1_tier_2
404	passive_blue_right_4_1_tier_3
404	passive_blue_right_4_1_tier_4
404	passive_blue_right_4_1_tier_5
404	passive_blue_right_4_3_tier_1
404	passive_blue_right_4_3_tier_2
404	passive_blue_right_4_3_tier_3
404	passive_blue_right_4_3_tier_4
404	passive_blue_right_4_3_tier_5
404	passive_blue_right_5_1_tier_1
404	passive_blue_right_5_1_tier_2
404	passive_blue_right_5_1_tier_3
404	passive_blue_right_5_1_tier_4
404	passive_blue_right_5_1_tier_5
404	passive_blue_right_5_2_tier_1
404	passive_blue_right_5_2_tier_2
404	passive_blue_right_5_2_tier_3
404	passive_blue_right_5_2_tier_4
404	passive_blue_right_5_2_tier_5
404	passive_blue_right_5_3_tier_1
404	passive_blue_right_5_3_tier_2
404	passive_blue_right_5_3_tier_3
404	passive_blue_right_5_3_tier_4
404	passive_blue_right_5_3_tier_5
404	passive_blue_right_6_1_tier_1
404	passive_blue_right_6_1_tier_2
404	passive_blue_right_6_1_tier_3
404	passive_blue_right_6_1_tier_4
404	passive_blue_right_6_1_tier_5
404	passive_blue_right_6_3_tier_1
404	passive_blue_right_6_3_tier_2
404	passive_blue_right_6_3_tier_3
404	passive_blue_right_6_3_tier_4
404	passive_blue_right_6_3_tier_5
404	passive_green_1_1_tier_1
404	passive_green_1_1_tier_2
404	passive_green_1_1_tier_3
404	passive_green_1_1_tier_4
404	passive_green_1_1_tier_5
404	passive_green_1_2_tier_1
404	passive_green_1_2_tier_2
404	passive_green_1_2_tier_3
404	passive_green_1_2_tier_4
404	passive_green_1_2_tier_5
404	passive_green_1_3_tier_1
404	passive_green_1_3_tier_2
404	passive_green_1_3_tier_3
404	passive_green_1_3_tier_4
404	passive_green_1_3_tier_5
404	passive_green_1_4_tier_1
404	passive_green_1_4_tier_2
404	passive_green_1_4_tier_3
404	passive_green_1_4_tier_4
404	passive_green_1_4_tier_5
404	passive_green_1_5_tier_1
404	passive_green_1_5_tier_2
404	passive_green_1_5_tier_3
404	passive_green_1_5_tier_4
404	passive_green_1_5_tier_5
404	passive_green_2_1_tier_1
404	passive_green_2_1_tier_2
404	passive_green_2_1_tier_3
404	passive_green_2_1_tier_4
404	passive_green_2_1_tier_5
404	passive_green_2_3_tier_1
404	passive_green_2_3_tier_2
404	passive_green_2_3_tier_3
404	passive_green_2_3_tier_4
404	passive_green_2_3_tier_5
404	passive_green_2_5_tier_1
404	passive_green_2_5_tier_2
404	passive_green_2_5_tier_3
404	passive_green_2_5_tier_4
404	passive_green_2_5_tier_5
404	passive_green_3_1_tier_1
404	passive_green_3_1_tier_2
404	passive_green_3_1_tier_3
404	passive_green_3_1_tier_4
404	passive_green_3_1_tier_5
404	passive_green_3_2_tier_1
404	passive_green_3_2_tier_2
404	passive_green_3_2_tier_3
404	passive_green_3_2_tier_4
404	passive_green_3_2_tier_5
404	passive_green_3_3_tier_1
404	passive_green_3_3_tier_2
404	passive_green_3_3_tier_3
404	passive_green_3_3_tier_4
404	passive_green_3_3_tier_5
404	passive_green_3_4_tier_1
404	passive_green_3_4_tier_2
404	passive_green_3_4_tier_3
404	passive_green_3_4_tier_4
404	passive_green_3_4_tier_5
404	passive_green_3_5_tier_1
404	passive_green_3_5_tier_2
404	passive_green_3_5_tier_3
404	passive_green_3_5_tier_4
404	passive_green_3_5_tier_5
404	passive_green_left_4_1_tier_1
404	passive_green_left_4_1_tier_2
404	passive_green_left_4_1_tier_3
404	passive_green_left_4_1_tier_4
404	passive_green_left_4_1_tier_5
404	passive_green_left_4_3_tier_1
404	passive_green_left_4_3_tier_2
404	passive_green_left_4_3_tier_3
404	passive_green_left_4_3_tier_4
404	passive_green_left_4_3_tier_5
404	passive_green_left_5_1_tier_1
404	passive_green_left_5_1_tier_2
404	passive_green_left_5_1_tier_3
404	passive_green_left_5_1_tier_4
404	passive_green_left_5_1_tier_5
404	passive_green_left_5_2_tier_1
404	passive_green_left_5_2_tier_2
404	passive_green_left_5_2_tier_3
404	passive_green_left_5_2_tier_4
404	passive_green_left_5_2_tier_5
404	passive_green_left_5_3_tier_1
404	passive_green_left_5_3_tier_2
404	passive_green_left_5_3_tier_3
404	passive_green_left_5_3_tier_4
404	passive_green_left_5_3_tier_5
404	passive_green_left_6_1_tier_1
404	passive_green_left_6_1_tier_2
404	passive_green_left_6_1_tier_3
404	passive_green_left_6_1_tier_4
404	passive_green_left_6_1_tier_5
404	passive_green_left_6_3_tier_1
404	passive_green_left_6_3_tier_2
404	passive_green_left_6_3_tier_3
404	passive_green_left_6_3_tier_4
404	passive_green_left_6_3_tier_5
404	passive_green_mid_4_1_tier_1
404	passive_green_mid_4_1_tier_2
404	passive_green_mid_4_1_tier_3
404	passive_green_mid_4_1_tier_4
404	passive_green_mid_4_1_tier_5
404	passive_green_mid_4_3_tier_1
404	passive_green_mid_4_3_tier_2
404	passive_green_mid_4_3_tier_3
404	passive_green_mid_4_3_tier_4
404	passive_green_mid_4_3_tier_5
404	passive_green_mid_5_1_tier_1
404	passive_green_mid_5_1_tier_2
404	passive_green_mid_5_1_tier_3
404	passive_green_mid_5_1_tier_4
404	passive_green_mid_5_1_tier_5
404	passive_green_mid_5_2_tier_1
404	passive_green_mid_5_2_tier_2
404	passive_green_mid_5_2_tier_3
404	passive_green_mid_5_2_tier_4
404	passive_green_mid_5_2_tier_5
404	passive_green_mid_5_3_tier_1
404	passive_green_mid_5_3_tier_2
404	passive_green_mid_5_3_tier_3
404	passive_green_mid_5_3_tier_4
404	passive_green_mid_5_3_tier_5
404	passive_green_mid_6_1_tier_1
404	passive_green_mid_6_1_tier_2
404	passive_green_mid_6_1_tier_3
404	passive_green_mid_6_1_tier_4
404	passive_green_mid_6_1_tier_5
404	passive_green_mid_6_3_tier_1
404	passive_green_mid_6_3_tier_2
404	passive_green_mid_6_3_tier_3
404	passive_green_mid_6_3_tier_4
404	passive_green_mid_6_3_tier_5
404	passive_green_right_4_1_tier_1
404	passive_green_right_4_1_tier_2
404	passive_green_right_4_1_tier_3
404	passive_green_right_4_1_tier_4
404	passive_green_right_4_1_tier_5
404	passive_green_right_4_3_tier_1
404	passive_green_right_4_3_tier_2
404	passive_green_right_4_3_tier_3
404	passive_green_right_4_3_tier_4
404	passive_green_right_4_3_tier_5
404	passive_green_right_5_1_tier_1
404	passive_green_right_5_1_tier_2
404	passive_green_right_5_1_tier_3
404	passive_green_right_5_1_tier_4
404	passive_green_right_5_1_tier_5
404	passive_green_right_5_2_tier_1
404	passive_green_right_5_2_tier_2
404	passive_green_right_5_2_tier_3
404	passive_green_right_5_2_tier_4
404	passive_green_right_5_2_tier_5
404	passive_green_right_5_3_tier_1
404	passive_green_right_5_3_tier_2
404	passive_green_right_5_3_tier_3
404	passive_green_right_5_3_tier_4
404	passive_green_right_5_3_tier_5
404	passive_green_right_6_1_tier_1
404	passive_green_right_6_1_tier_2
404	passive_green_right_6_1_tier_3
404	passive_green_right_6_1_tier_4
404	passive_green_right_6_1_tier_5
404	passive_green_right_6_3_tier_1
404	passive_green_right_6_3_tier_2
404	passive_green_right_6_3_tier_3
404	passive_green_right_6_3_tier_4
404	passive_green_right_6_3_tier_5
404	passive_red_1_1_tier_1
404	passive_red_1_1_tier_2
404	passive_red_1_1_tier_3
404	passive_red_1_1_tier_4
404	passive_red_1_1_tier_5
404	passive_red_1_2_tier_1
404	passive_red_1_2_tier_2
404	passive_red_1_2_tier_3
404	passive_red_1_2_tier_4
404	passive_red_1_2_tier_5
404	passive_red_1_3_tier_1
404	passive_red_1_3_tier_2
404	passive_red_1_3_tier_3
404	passive_red_1_3_tier_4
404	passive_red_1_3_tier_5
404	passive_red_1_4_tier_1
404	passive_red_1_4_tier_2
404	passive_red_1_4_tier_3
404	passive_red_1_4_tier_4
404	passive_red_1_4_tier_5
404	passive_red_1_5_tier_1
404	passive_red_1_5_tier_2
404	passive_red_1_5_tier_3
404	passive_red_1_5_tier_4
404	passive_red_1_5_tier_5
404	passive_red_2_1_tier_1
404	passive_red_2_1_tier_2
404	passive_red_2_1_tier_3
404	passive_red_2_1_tier_4
404	passive_red_2_1_tier_5
404	passive_red_2_3_tier_1
404	passive_red_2_3_tier_2
404	passive_red_2_3_tier_3
404	passive_red_2_3_tier_4
404	passive_red_2_3_tier_5
404	passive_red_2_5_tier_1
404	passive_red_2_5_tier_2
404	passive_red_2_5_tier_3
404	passive_red_2_5_tier_4
404	passive_red_2_5_tier_5
404	passive_red_3_1_tier_1
404	passive_red_3_1_tier_2
404	passive_red_3_1_tier_3
404	passive_red_3_1_tier_4
404	passive_red_3_1_tier_5
404	passive_red_3_2_tier_1
404	passive_red_3_2_tier_2
404	passive_red_3_2_tier_3
404	passive_red_3_2_tier_4
404	passive_red_3_2_tier_5
404	passive_red_3_3_tier_1
404	passive_red_3_3_tier_2
404	passive_red_3_3_tier_3
404	passive_red_3_3_tier_4
404	passive_red_3_3_tier_5
404	passive_red_3_4_tier_1
404	passive_red_3_4_tier_2
404	passive_red_3_4_tier_3
404	passive_red_3_4_tier_4
404	passive_red_3_4_tier_5
404	passive_red_3_5_tier_1
404	passive_red_3_5_tier_2
404	passive_red_3_5_tier_3
404	passive_red_3_5_tier_4
404	passive_red_3_5_tier_5
404	passive_red_left_4_1_tier_1
404	passive_red_left_4_1_tier_2
404	passive_red_left_4_1_tier_3
404	passive_red_left_4_1_tier_4
404	passive_red_left_4_1_tier_5
404	passive_red_left_4_3_tier_1
404	passive_red_left_4_3_tier_2
404	passive_red_left_4_3_tier_3
404	passive_red_left_4_3_tier_4
404	passive_red_left_4_3_tier_5
404	passive_red_left_5_1_tier_1
404	passive_red_left_5_1_tier_2
404	passive_red_left_5_1_tier_3
404	passive_red_left_5_1_tier_4
404	passive_red_left_5_1_tier_5
404	passive_red_left_5_2_tier_1
404	passive_red_left_5_2_tier_2
404	passive_red_left_5_2_tier_3
404	passive_red_left_5_2_tier_4
404	passive_red_left_5_2_tier_5
404	passive_red_left_5_3_tier_1
404	passive_red_left_5_3_tier_2
404	passive_red_left_5_3_tier_3
404	passive_red_left_5_3_tier_4
404	passive_red_left_5_3_tier_5
404	passive_red_left_6_1_tier_1
404	passive_red_left_6_1_tier_2
404	passive_red_left_6_1_tier_3
404	passive_red_left_6_1_tier_4
404	passive_red_left_6_1_tier_5
404	passive_red_left_6_3_tier_1
404	passive_red_left_6_3_tier_2
404	passive_red_left_6_3_tier_3
404	passive_red_left_6_3_tier_4
404	passive_red_left_6_3_tier_5
404	passive_red_mid_4_1_tier_1
404	passive_red_mid_4_1_tier_2
404	passive_red_mid_4_1_tier_3
404	passive_red_mid_4_1_tier_4
404	passive_red_mid_4_1_tier_5
404	passive_red_mid_4_3_tier_1
404	passive_red_mid_4_3_tier_2
404	passive_red_mid_4_3_tier_3
404	passive_red_mid_4_3_tier_4
404	passive_red_mid_4_3_tier_5
404	passive_red_mid_5_1_tier_1
404	passive_red_mid_5_1_tier_2
404	passive_red_mid_5_1_tier_3
404	passive_red_mid_5_1_tier_4
404	passive_red_mid_5_1_tier_5
404	passive_red_mid_5_2_tier_1
404	passive_red_mid_5_2_tier_2
404	passive_red_mid_5_2_tier_3
404	passive_red_mid_5_2_tier_4
404	passive_red_mid_5_2_tier_5
404	passive_red_mid_5_3_tier_1
404	passive_red_mid_5_3_tier_2
404	passive_red_mid_5_3_tier_3
404	passive_red_mid_5_3_tier_4
404	passive_red_mid_5_3_tier_5
404	passive_red_mid_6_1_tier_1
404	passive_red_mid_6_1_tier_2
404	passive_red_mid_6_1_tier_3
404	passive_red_mid_6_1_tier_4
404	passive_red_mid_6_1_tier_5
404	passive_red_mid_6_3_tier_1
404	passive_red_mid_6_3_tier_2
404	passive_red_mid_6_3_tier_3
404	passive_red_mid_6_3_tier_4
404	passive_red_mid_6_3_tier_5
404	passive_red_right_4_1_tier_1
404	passive_red_right_4_1_tier_2
404	passive_red_right_4_1_tier_3
404	passive_red_right_4_1_tier_4
404	passive_red_right_4_1_tier_5
404	passive_red_right_4_3_tier_1
404	passive_red_right_4_3_tier_2
404	passive_red_right_4_3_tier_3
404	passive_red_right_4_3_tier_4
404	passive_red_right_4_3_tier_5
404	passive_red_right_5_1_tier_1
404	passive_red_right_5_1_tier_2
404	passive_red_right_5_1_tier_3
404	passive_red_right_5_1_tier_4
404	passive_red_right_5_1_tier_5
404	passive_red_right_5_2_tier_1
404	passive_red_right_5_2_tier_2
404	passive_red_right_5_2_tier_3
404	passive_red_right_5_2_tier_4
404	passive_red_right_5_2_tier_5
404	passive_red_right_5_3_tier_1
404	passive_red_right_5_3_tier_2
404	passive_red_right_5_3_tier_3
404	passive_red_right_5_3_tier_4
404	passive_red_right_5_3_tier_5
404	passive_red_right_6_1_tier_1
404	passive_red_right_6_1_tier_2
404	passive_red_right_6_1_tier_3
404	passive_red_right_6_1_tier_4
404	passive_red_right_6_1_tier_5
404	passive_red_right_6_3_tier_1
404	passive_red_right_6_3_tier_2
404	passive_red_right_6_3_tier_3
404	passive_red_right_6_3_tier_4
404	passive_red_right_6_3_tier_5
405	comp_dahlgrunt_laserrifle
405	part_body
407	comp_dahlgrunt_shoulderlaserrifle
407	part_body
408	comp_dahlgrunt_sprayer
408	part_body
418	comp_dahlmech_chaingun
418	part_body
419	comp_dahlmech_emp
419	part_body
420	comp_dahlmech_flamespitter
420	part_body
421	comp_dahlmech_grenadelauncher
421	part_body
459	comp_dahlmech_flamespitter
459	part_body
470	comp_turret_dahlchaingun
470	part_body
471	comp_dahlmech_energygun
471	part_body
472	comp_dahlgrunt_crashflamer
472	part_body
491	comp_uberhead
491	part_body_uberhead
10001	part_stat2_statuseffect_chance
10001	part_stat2_statuseffect_damage
10001	part_stat2_weapon_accuracy
10001	part_stat2_weapon_ads_proficiency
10001	part_stat2_weapon_criticaldamage
10001	part_stat2_weapon_damage
10001	part_stat2_weapon_equipspeed
10001	part_stat2_weapon_firerate
10001	part_stat2_weapon_magsize
10001	part_stat2_weapon_reloadspeed
10001	part_stat2_weapon_splashdamage
10001	part_stat2_weapon_splashradius
10001	part_stat2_wt_ar_accuracy
10001	part_stat2_wt_ar_ads_proficiency
10001	part_stat2_wt_ar_criticaldamage
10001	part_stat2_wt_ar_damage
10001	part_stat2_wt_ar_equipspeed
10001	part_stat2_wt_ar_firerate
10001	part_stat2_wt_ar_magsize
10001	part_stat2_wt_ar_reloadspeed
10001	part_stat2_wt_ar_splashdamage
10001	part_stat2_wt_ar_splashradius
10001	part_stat2_wt_ar_statuseffectchance
10001	part_stat2_wt_ar_statuseffectdamage
10001	part_stat2_wt_ps_accuracy
10001	part_stat2_wt_ps_ads_proficiency
10001	part_stat2_wt_ps_criticaldamage
10001	part_stat2_wt_ps_damage
10001	part_stat2_wt_ps_equipspeed
10001	part_stat2_wt_ps_firerate
10001	part_stat2_wt_ps_magsize
10001	part_stat2_wt_ps_reloadspeed
10001	part_stat2_wt_ps_splashdamage
10001	part_stat2_wt_ps_splashradius
10001	part_stat2_wt_ps_statuseffectchance
10001	part_stat2_wt_ps_statuseffectdamage
10001	part_stat2_wt_sg_accuracy
10001	part_stat2_wt_sg_ads_proficiency
10001	part_stat2_wt_sg_criticaldamage
10001	part_stat2_wt_sg_damage
10001	part_stat2_wt_sg_equipspeed
10001	part_stat2_wt_sg_firerate
10001	part_stat2_wt_sg_magsize
10001	part_stat2_wt_sg_reloadspeed
10001	part_stat2_wt_sg_splashdamage
10001	part_stat2_wt_sg_splashradius
10001	part_stat2_wt_sg_statuseffectchance
10001	part_stat2_wt_sg_statuseffectdamage
10001	part_stat2_wt_sm_accuracy
10001	part_stat2_wt_sm_ads_proficiency
10001	part_stat2_wt_sm_criticaldamage
10001	part_stat2_wt_sm_damage
10001	part_stat2_wt_sm_equipspeed
10001	part_stat2_wt_sm_firerate
10001	part_stat2_wt_sm_magsize
10001	part_stat2_wt_sm_reloadspeed
10001	part_stat2_wt_sm_splashdamage
10001	part_stat2_wt_sm_splashradius
10001	part_stat2_wt_sm_statuseffectchance
10001	part_stat2_wt_sm_statuseffectdamage
10001	part_stat2_wt_sr_accuracy
10001	part_stat2_wt_sr_ads_proficiency
10001	part_stat2_wt_sr_criticaldamage
10001	part_stat2_wt_sr_damage
10001	part_stat2_wt_sr_equipspeed
10001	part_stat2_wt_sr_firerate
10001	part_stat2_wt_sr_magsize
10001	part_stat2_wt_sr_reloadspeed
10001	part_stat2_wt_sr_splashdamage
10001	part_stat2_wt_sr_splashradius
10001	part_stat2_wt_sr_statuseffectchance
10001	part_stat2_wt_sr_statuseffectdamage
10002	part_stat3_statuseffect_chance
10002	part_stat3_statuseffect_damage
10002	part_stat3_weapon_accuracy
10002	part_stat3_weapon_ads_proficiency
10002	part_stat3_weapon_criticaldamage
10002	part_stat3_weapon_damage
10002	part_stat3_weapon_equipspeed
10002	part_stat3_weapon_firerate
10002	part_stat3_weapon_magsize
10002	part_stat3_weapon_reloadspeed
10002	part_stat3_weapon_splashdamage
10002	part_stat3_weapon_splashradius
10002	part_stat3_wt_ar_accuracy
10002	part_stat3_wt_ar_ads_proficiency
10002	part_stat3_wt_ar_criticaldamage
10002	part_stat3_wt_ar_damage
10002	part_stat3_wt_ar_equipspeed
10002	part_stat3_wt_ar_firerate
10002	part_stat3_wt_ar_magsize
10002	part_stat3_wt_ar_reloadspeed
10002	part_stat3_wt_ar_splashdamage
10002	part_stat3_wt_ar_splashradius
10002	part_stat3_wt_ar_statuseffectchance
10002	part_stat3_wt_ar_statuseffectdamage
10002	part_stat3_wt_ps_accuracy
10002	part_stat3_wt_ps_ads_proficiency
10002	part_stat3_wt_ps_criticaldamage
10002	part_stat3_wt_ps_damage
10002	part_stat3_wt_ps_equipspeed
10002	part_stat3_wt_ps_firerate
10002	part_stat3_wt_ps_magsize
10002	part_stat3_wt_ps_reloadspeed
10002	part_stat3_wt_ps_splashdamage
10002	part_stat3_wt_ps_splashradius
10002	part_stat3_wt_ps_statuseffectchance
10002	part_stat3_wt_ps_statuseffectdamage
10002	part_stat3_wt_sg_accuracy
10002	part_stat3_wt_sg_ads_proficiency
10002	part_stat3_wt_sg_criticaldamage
10002	part_stat3_wt_sg_damage
10002	part_stat3_wt_sg_equipspeed
10002	part_stat3_wt_sg_firerate
10002	part_stat3_wt_sg_magsize
10002	part_stat3_wt_sg_reloadspeed
10002	part_stat3_wt_sg_splashdamage
10002	part_stat3_wt_sg_splashradius
10002	part_stat3_wt_sg_statuseffectchance
10002	part_stat3_wt_sg_statuseffectdamage
10002	part_stat3_wt_sm_accuracy
10002	part_stat3_wt_sm_ads_proficiency
10002	part_stat3_wt_sm_criticaldamage
10002	part_stat3_wt_sm_damage
10002	part_stat3_wt_sm_equipspeed
10002	part_stat3_wt_sm_firerate
10002	part_stat3_wt_sm_magsize
10002	part_stat3_wt_sm_reloadspeed
10002	part_stat3_wt_sm_splashdamage
10002	part_stat3_wt_sm_splashradius
10002	part_stat3_wt_sm_statuseffectchance
10002	part_stat3_wt_sm_statuseffectdamage
10002	part_stat3_wt_sr_accuracy
10002	part_stat3_wt_sr_ads_proficiency
10002	part_stat3_wt_sr_criticaldamage
10002	part_stat3_wt_sr_damage
10002	part_stat3_wt_sr_equipspeed
10002	part_stat3_wt_sr_firerate
10002	part_stat3_wt_sr_magsize
10002	part_stat3_wt_sr_reloadspeed
10002	part_stat3_wt_sr_splashdamage
10002	part_stat3_wt_sr_splashradius
10002	part_stat3_wt_sr_statuseffectchance
10002	part_stat3_wt_sr_statuseffectdamage
10003	base_comp_01_common
10003	base_comp_02_uncommon
10003	base_comp_03_rare
10003	base_comp_04_epic
10003	base_comp_05_legendary
10003	base_comp_06_pearlescent
10003	comp_02_uncommon_unique_heavyturret
10003	comp_05_elpisstar
10003	comp_05_legendary_abyss
10003	comp_05_legendary_aggrovator
10003	comp_05_legendary_angel
10003	comp_05_legendary_arctic
10003	comp_05_legendary_asher
10003	comp_05_legendary_axe
10003	comp_05_legendary_ballista
10003	comp_05_legendary_barb
10003	comp_05_legendary_barrel
10003	comp_05_legendary_barrelaged
10003	comp_05_legendary_beegun
10003	comp_05_legendary_bismuth
10003	comp_05_legendary_blockbuster
10003	comp_05_legendary_bod
10003	comp_05_legendary_bonnieclyde
10003	comp_05_legendary_boomslang
10003	comp_05_legendary_bottledlightning
10003	comp_05_legendary_breadth
10003	comp_05_legendary_brickhouse
10003	comp_05_legendary_bubbles
10003	comp_05_legendary_bugbear
10003	comp_05_legendary_bully
10003	comp_05_legendary_cannonbrawl
10003	comp_05_legendary_chuck
10003	comp_05_legendary_coldshoulder
10003	comp_05_legendary_collector
10003	comp_05_legendary_commbd
10003	comp_05_legendary_compleat
10003	comp_05_legendary_conflux
10003	comp_05_legendary_conglomerate
10003	comp_05_legendary_cormano
10003	comp_05_legendary_cowbell
10003	comp_05_legendary_cowbell
10003	comp_05_legendary_cowbell
10003	comp_05_legendary_crazedearl
10003	comp_05_legendary_crowsourced
10003	comp_05_legendary_dahlfather
10003	comp_05_legendary_defibrillator
10003	comp_05_legendary_demo
10003	comp_05_legendary_discjockey
10003	comp_05_legendary_disco_disc
10003	comp_05_legendary_discybusiness
10003	comp_05_legendary_dividedfocus
10003	comp_05_legendary_doeshot
10003	comp_05_legendary_draupner
10003	comp_05_legendary_dualdamage
10003	comp_05_legendary_eigenburst
10003	comp_05_legendary_falke
10003	comp_05_legendary_faultydetonator
10003	comp_05_legendary_fearstalker
10003	comp_05_legendary_finnty
10003	comp_05_legendary_firepot
10003	comp_05_legendary_firewall
10003	comp_05_legendary_firewerks
10003	comp_05_legendary_firework
10003	comp_05_legendary_firstimpression
10003	comp_05_legendary_fisheye
10003	comp_05_legendary_fishward
10003	comp_05_legendary_flak
10003	comp_05_legendary_flare
10003	comp_05_legendary_flashcyclone
10003	comp_05_legendary_fleabag
10003	comp_05_legendary_follower
10003	comp_05_legendary_fuse
10003	comp_05_legendary_gammavoid
10003	comp_05_legendary_geigerroid
10003	comp_05_legendary_gmr
10003	comp_05_legendary_goalkeeper
10003	comp_05_legendary_goldengod
10003	comp_05_legendary_gomie
10003	comp_05_legendary_goremaster
10003	comp_05_legendary_handcannon
10003	comp_05_legendary_harddark
10003	comp_05_legendary_healthraiser
10003	comp_05_legendary_heartgun
10003	comp_05_legendary_heavyturret
10003	comp_05_legendary_heavyweight
10003	comp_05_legendary_hellwalker
10003	comp_05_legendary_hemorrhage
10003	comp_05_legendary_hoarder
10003	comp_05_legendary_honeybadger
10003	comp_05_legendary_hopscotch
10003	comp_05_legendary_hugger
10003	comp_05_legendary_ichor
10003	comp_05_legendary_inscriber
10003	comp_05_legendary_ishmael
10003	comp_05_legendary_jailbroken
10003	comp_05_legendary_javelin
10003	comp_05_legendary_jetset
10003	comp_05_legendary_kaoson
10003	comp_05_legendary_kingsgambit
10003	comp_05_legendary_lasercutter
10003	comp_05_legendary_laserdisc
10003	comp_05_legendary_leadballoon
10003	comp_05_legendary_lightgun
10003	comp_05_legendary_lightning
10003	comp_05_legendary_linebacker
10003	comp_05_legendary_loarmaster
10003	comp_05_legendary_lockjaw
10003	comp_05_legendary_lucian
10003	comp_05_legendary_lumberjack
10003	comp_05_legendary_manifest
10003	comp_05_legendary_mantra
10003	comp_05_legendary_mercredi
10003	comp_05_legendary_mercury
10003	comp_05_legendary_misslaser
10003	comp_05_legendary_murder
10003	comp_05_legendary_ohmigot
10003	comp_05_legendary_onionlayeredguard
10003	comp_05_legendary_onslaught
10003	comp_05_legendary_ordinance
10003	comp_05_legendary_overswarm
10003	comp_05_legendary_paleblood
10003	comp_05_legendary_pellet
10003	comp_05_legendary_phantom_flame
10003	comp_05_legendary_plasmacoil
10003	comp_05_legendary_pocketbuddies
10003	comp_05_legendary_potatothrower
10003	comp_05_legendary_predatordrone
10003	comp_05_legendary_prince
10003	comp_05_legendary_proteancell
10003	comp_05_legendary_queensrest
10003	comp_05_legendary_quickdraw
10003	comp_05_legendary_raid1
10003	comp_05_legendary_raid1
10003	comp_05_legendary_raid1
10003	comp_05_legendary_raid1
10003	comp_05_legendary_raid2
10003	comp_05_legendary_raid2
10003	comp_05_legendary_raid2
10003	comp_05_legendary_raiden
10003	comp_05_legendary_rainbowvomit
10003	comp_05_legendary_rainmaker
10003	comp_05_legendary_rangefinder
10003	comp_05_legendary_recursive
10003	comp_05_legendary_reminisce
10003	comp_05_legendary_rhythm
10003	comp_05_legendary_roach
10003	comp_05_legendary_rocketreload
10003	comp_05_legendary_roil
10003	comp_05_legendary_roulette
10003	comp_05_legendary_rowan
10003	comp_05_legendary_rowdy
10003	comp_05_legendary_rubber
10003	comp_05_legendary_scootshoot
10003	comp_05_legendary_screenwriter
10003	comp_05_legendary_seamstress
10003	comp_05_legendary_shalashaska
10003	comp_05_legendary_shammy
10003	comp_05_legendary_shieldboi
10003	comp_05_legendary_shoals
10003	comp_05_legendary_shokunai
10003	comp_05_legendary_skully
10003	comp_05_legendary_slippy
10003	comp_05_legendary_slugger
10003	comp_05_legendary_songbird
10003	comp_05_legendary_soulsurvivor
10003	comp_05_legendary_splatoon
10003	comp_05_legendary_stopgap
10003	comp_05_legendary_stray
10003	comp_05_legendary_streamer
10003	comp_05_legendary_sunspot
10003	comp_05_legendary_supersoldier
10003	comp_05_legendary_swarm
10003	comp_05_legendary_sweet_embrace
10003	comp_05_legendary_symmetry
10003	comp_05_legendary_tankbuster
10003	comp_05_legendary_temper
10003	comp_05_legendary_timekeeper
10003	comp_05_legendary_tkswave
10003	comp_05_legendary_transmission
10003	comp_05_legendary_triplebypass
10003	comp_05_legendary_truck
10003	comp_05_legendary_tuba
10003	comp_05_legendary_tuba
10003	comp_05_legendary_tuba
10003	comp_05_legendary_undershield
10003	comp_05_legendary_unstable_kor
10003	comp_05_legendary_urchin
10003	comp_05_legendary_vamoose
10003	comp_05_legendary_vitae
10003	comp_05_legendary_waterfall
10003	comp_05_legendary_watts4dinner
10003	comp_05_legendary_wf
10003	comp_05_legendary_wombocombo
10003	comp_05_legendary_zipgun
10003	comp_05_momento
10003	comp_06_pearl_constable
10003	comp_06_pearl_herald
10003	comp_06_pearl_juliet
10003	comp_06_pearl_locust
10003	comp_06_pearl_screwed
10003	comp_06_pearl_sharkbait
10003	comp_brenda_weapon
10003	comp_camera
10003	comp_cine_weapon
10003	comp_ds_as_phaseshard_specter_weapon
10003	comp_moxxi_weapon
10003	comp_soldier_sprayer_0
10003	comp_zanemurder_weapon
10003	exosoldier_turret_base
10003	exosoldier_turret_rocket
10003	exosoldier_turret_shotgun
10004	part_barrel_01
10004	part_barrel_01_asher
10004	part_barrel_01_bod
10004	part_barrel_01_bonnieclyde
10004	part_barrel_01_bubbles
10004	part_barrel_01_commbd
10004	part_barrel_01_constable
10004	part_barrel_01_discybusiness
10004	part_barrel_01_dividedfocus
10004	part_barrel_01_dualdamage
10004	part_barrel_01_eigenburst
10004	part_barrel_01_falke
10004	part_barrel_01_firstimpression
10004	part_barrel_01_fisheye
10004	part_barrel_01_gomie
10004	part_barrel_01_hellwalker
10004	part_barrel_01_hemorrhage
10004	part_barrel_01_herald
10004	part_barrel_01_ichor
10004	part_barrel_01_jailbroken
10004	part_barrel_01_kaoson
10004	part_barrel_01_lasercutter
10004	part_barrel_01_laserdisc
10004	part_barrel_01_lightgun
10004	part_barrel_01_linebacker
10004	part_barrel_01_loarmaster
10004	part_barrel_01_lucian
10004	part_barrel_01_manifest
10004	part_barrel_01_mercredi
10004	part_barrel_01_murder
10004	part_barrel_01_ohmigot
10004	part_barrel_01_onslaught
10004	part_barrel_01_phantom_flame
10004	part_barrel_01_raiden
10004	part_barrel_01_reminisce
10004	part_barrel_01_roach
10004	part_barrel_01_roil
10004	part_barrel_01_seamstress
10004	part_barrel_01_shammy
10004	part_barrel_01_sharkbait
10004	part_barrel_01_slugger
10004	part_barrel_01_stopgap
10004	part_barrel_01_stray
10004	part_barrel_01_streamer
10004	part_barrel_01_tankbuster
10004	part_barrel_01_ted_sg_heavyturret
10004	part_barrel_01_unstable_kor
10004	part_barrel_01_wombocombo
10004	part_barrel_01_zipgun
10004	part_barrel_02
10004	part_barrel_02_abyss
10004	part_barrel_02_arctic
10004	part_barrel_02_barrel
10004	part_barrel_02_boomslang
10004	part_barrel_02_bottledlightning
10004	part_barrel_02_breadth
10004	part_barrel_02_bugbear
10004	part_barrel_02_bully
10004	part_barrel_02_chuck
10004	part_barrel_02_conflux
10004	part_barrel_02_conglomerate
10004	part_barrel_02_cormano
10004	part_barrel_02_crowsourced
10004	part_barrel_02_discjockey
10004	part_barrel_02_draupner
10004	part_barrel_02_fearstalker
10004	part_barrel_02_finnty
10004	part_barrel_02_firework
10004	part_barrel_02_fishward
10004	part_barrel_02_flak
10004	part_barrel_02_flashcyclone
10004	part_barrel_02_follower
10004	part_barrel_02_gammavoid
10004	part_barrel_02_gmr
10004	part_barrel_02_goalkeeper
10004	part_barrel_02_goremaster
10004	part_barrel_02_handcannon
10004	part_barrel_02_harddark
10004	part_barrel_02_inscriber
10004	part_barrel_02_ishmael
10004	part_barrel_02_jetset
10004	part_barrel_02_juliet
10004	part_barrel_02_kingsgambit
10004	part_barrel_02_leadballoon
10004	part_barrel_02_lumberjack
10004	part_barrel_02_mantra
10004	part_barrel_02_plasmacoil
10004	part_barrel_02_prince
10004	part_barrel_02_queensrest
10004	part_barrel_02_rainmaker
10004	part_barrel_02_rangefinder
10004	part_barrel_02_rocketreload
10004	part_barrel_02_roulette
10004	part_barrel_02_rowan
10004	part_barrel_02_rowdy
10004	part_barrel_02_scootshoot
10004	part_barrel_02_screenwriter
10004	part_barrel_02_screwed
10004	part_barrel_02_songbird
10004	part_barrel_02_soulsurvivor
10004	part_barrel_02_splatoon
10004	part_barrel_02_sweet_embrace
10004	part_barrel_02_symmetry
10004	part_barrel_02_temper
10004	part_barrel_02_vamoose
10004	part_barrel_ballista
10004	part_barrel_beegun
10004	part_barrel_brickhouse
10004	part_barrel_cannonbrawl
10004	part_barrel_coldshoulder
10004	part_barrel_crazedearl
10004	part_barrel_dahlfather
10004	part_barrel_doeshot
10004	part_barrel_fleabag
10004	part_barrel_goldengod
10004	part_barrel_heartgun
10004	part_barrel_javelin
10004	part_barrel_lockjaw
10004	part_barrel_locust
10004	part_barrel_mercury
10004	part_barrel_misslaser
10004	part_barrel_potatothrower
10004	part_barrel_quickdraw
10004	part_barrel_rainbowvomit
10004	part_barrel_rhythm
10004	part_barrel_shalashaska
10004	part_barrel_shoals
10004	part_barrel_sunspot
10004	part_barrel_tkswave
10004	part_barrel_truck
10004	part_barrel_wf
10004	part_unique_barrel_02_demo
10005	part_barrel_01_a
10005	part_barrel_01_b
10005	part_barrel_01_c
10005	part_barrel_01_d
10005	part_barrel_02_a
10005	part_barrel_02_b
10005	part_barrel_02_c
10005	part_barrel_02_d
10005	part_barrel_02_d_plasmacoil
10005	part_barrel_licensed_conglomerate
10005	part_barrel_licensed_hyp
10005	part_barrel_licensed_jak
10005	part_barrel_licensed_multi
10006	part_barrel_licensed_ted_combo
10006	part_barrel_licensed_ted_mirv
10006	part_barrel_licensed_ted_replicator
10006	part_barrel_licensed_ted_replicator_multi
10006	part_barrel_licensed_ted_shooting
10007	part_foregrip_01
10007	part_foregrip_01_cormano
10007	part_foregrip_01_flashcyclone
10007	part_foregrip_01_fleabag
10007	part_foregrip_01_handcannon
10007	part_foregrip_01_herald
10007	part_foregrip_01_pt
10007	part_foregrip_01_unstable_kor
10007	part_foregrip_02
10007	part_foregrip_02_cormano
10007	part_foregrip_02_flashcyclone
10007	part_foregrip_02_fleabag
10007	part_foregrip_02_handcannon
10007	part_foregrip_02_herald
10007	part_foregrip_02_pt
10007	part_foregrip_02_unstable_kor
10007	part_foregrip_03
10007	part_foregrip_03_cormano
10007	part_foregrip_03_flashcyclone
10007	part_foregrip_03_fleabag
10007	part_foregrip_03_handcannon
10007	part_foregrip_03_herald
10007	part_foregrip_03_pt
10007	part_foregrip_03_unstable_kor
10007	part_underbarrel_01_cannonbrawl
10007	part_underbarrel_01_drone
10007	part_underbarrel_01_heavyturret
10007	part_underbarrel_01_misslaser
10007	part_underbarrel_02_crank_fishward
10007	part_underbarrel_02_rockets
10007	part_underbarrel_02_tether_snare_ishmael
10007	part_underbarrel_03_seamstress
10007	part_underbarrel_03_shotgun
10007	part_underbarrel_04_atlas
10007	part_underbarrel_04_atlas_ball
10007	part_underbarrel_04_atlas_ball_mercredi
10007	part_underbarrel_04_atlas_mercredi
10007	part_underbarrel_05_ammoswitcher
10007	part_underbarrel_05_roil
10007	part_underbarrel_06_malswitch
10008	part_grip_01
10008	part_grip_02
10008	part_grip_03
10008	part_grip_04_hyp
10008	part_grip_04_hyp_finnty
10008	part_grip_05a_ted_legs
10008	part_grip_05a_ted_legs_mirv
10008	part_grip_05a_ted_legs_mirv_sharkbait
10008	part_grip_05a_ted_legs_sharkbait
10008	part_grip_05b_ted_homing
10008	part_grip_05b_ted_homing_sharkbait
10008	part_grip_05c_ted_jav
10008	part_grip_05c_ted_jav_sharkbait
10009	part_mag_01
10009	part_mag_01_chuck
10009	part_mag_01_crazedearl
10009	part_mag_01_fisheye
10009	part_mag_01_slugger
10009	part_mag_02
10009	part_mag_02_crazedearl
10009	part_mag_03_rocketreload
10009	part_mag_03_tor
10009	part_mag_04_cov
10009	part_mag_05_borg
10009	part_mag_goldengod
10009	part_mag_rainbowvomit
10010	part_mag_05_borg_acc_manifest
10010	part_mag_torgue_normal
10010	part_mag_torgue_normal_beegun
10010	part_mag_torgue_normal_fearstalker
10010	part_mag_torgue_normal_inscriber
10010	part_mag_torgue_normal_locust
10010	part_mag_torgue_normal_mercury
10010	part_mag_torgue_normal_murder
10010	part_mag_torgue_normal_sharkbait
10010	part_mag_torgue_normal_songbird
10010	part_mag_torgue_normal_soulsurvivor
10010	part_mag_torgue_normal_tkswave
10010	part_mag_torgue_sticky
10010	part_mag_torgue_sticky_beegun
10010	part_mag_torgue_sticky_fearstalker
10010	part_mag_torgue_sticky_locust
10010	part_mag_torgue_sticky_mercury
10010	part_mag_torgue_sticky_murder
10010	part_mag_torgue_sticky_sharkbait
10010	part_mag_torgue_sticky_soulsurvivor
10010	part_mag_torgue_sticky_tkswave
10011	part_multi_ted_combo
10011	part_multi_ted_mirv
10011	part_multi_ted_replicator
10011	part_multi_ted_shooting
10012	part_secondary_ammo_ar
10012	part_secondary_ammo_sg
10012	part_secondary_ammo_sm
10012	part_secondary_ammo_sr
10013	part_shield_ammo
10013	part_shield_amp
10013	part_shield_default
10013	part_shield_ricochet
10014	body_flare
10014	part_body_angel
10014	part_body_armor_compleat
10014	part_body_armor_heavyweight
10014	part_body_armor_hoarder
10014	part_body_armor_onionlayeredguard
10014	part_body_armor_undershield
10014	part_body_barrelaged
10014	part_body_energy_collector
10014	part_body_energy_firewall
10014	part_body_energy_lightning
10014	part_body_energy_overswarm
10014	part_body_energy_proteancell
10014	part_body_energy_watts4dinner
10014	part_body_honeybadger
10014	part_body_hopscotch
10014	part_body_pocketbuddies
10014	part_body_shieldboi
10014	part_body_timekeeper
10014	part_jak_bismuth
10014	part_tor_slippy
10014	part_unique_supersoldier
10014	part_vla_waterfall
10015	part_aggrovator
10015	part_barb
10015	part_bismuth_corrosive
10015	part_bismuth_cryo
10015	part_bismuth_fire
10015	part_bismuth_radiation
10015	part_bismuth_shock
10015	part_blockbuster
10015	part_disco_disc
10015	part_faultydetonator
10015	part_ordinance
10015	part_payload_axe
10015	part_payload_fuse
10015	part_payload_unique_pellet
10015	part_payload_unique_rubber
10015	part_payload_unique_transmission
10015	part_predatordrone
10015	part_recursive
10015	part_shokunai
10015	part_skully
10015	part_urchin
10015	payload_firepot
10016	body_01
10016	body_01
10016	body_01
10016	body_01
10016	body_02
10016	body_03
10016	body_04
10016	body_05
10016	body_06
10016	body_07
10016	body_08
10016	body_09
10016	body_10
10016	leg_body_01
10016	leg_body_02
10016	leg_body_03
10016	leg_body_04
10016	leg_body_05
10016	leg_body_06
10016	leg_body_cowbell
10016	leg_body_cowbell
10016	leg_body_cowbell
10016	leg_body_raid1
10016	leg_body_raid1
10016	leg_body_raid1
10016	leg_body_raid1
10016	leg_body_raid2
10016	leg_body_raid2
10016	leg_body_raid2
10016	leg_body_tuba
10016	leg_body_tuba
10016	leg_body_tuba
10017	part_augment_unique_defibrillator
10017	part_augment_unique_healthraiser
10017	part_augment_unique_hugger
10017	part_augment_unique_paleblood
10017	part_augment_unique_triplebypass
10017	part_augment_unique_vitae
10018	part_body_ele_rainbowvomit_cor_cryo_fire
10018	part_body_ele_rainbowvomit_cor_cryo_rad
10018	part_body_ele_rainbowvomit_cor_cryo_shock
10018	part_body_ele_rainbowvomit_cor_fire_rad
10018	part_body_ele_rainbowvomit_cor_fire_shock
10018	part_body_ele_rainbowvomit_cor_rad_shock
10018	part_body_ele_rainbowvomit_cryo_fire_rad
10018	part_body_ele_rainbowvomit_cryo_fire_shock
10018	part_body_ele_rainbowvomit_cryo_rad_shock
10018	part_body_ele_rainbowvomit_fire_rad_shock
10019	part_unique_elpisstar
10019	part_unique_firewerks
10019	part_unique_momento
10020	part_scope_02_lens_02_gmr
10021	part_01_mirv_05_swarm
10022	part_underbarrel_02_wf_scrapcannon
10022	part_underbarrel_07_dualdamage
10022	part_underbarrel_07_secondbarrel_lasercutter
10022	part_underbarrel_uni_locust_rocket
10022	part_underbarrel_wf_overdrive
10023	part_underbarrel_overdrive_acc
10023	part_underbarrel_scrap_acc
10024	part_firmware_active_fire
10024	part_firmware_active_fire
10024	part_firmware_active_fire
10024	part_firmware_active_fire
10024	part_firmware_active_fire
10024	part_firmware_active_fire
10024	part_firmware_bruiser
10024	part_firmware_bruiser
10024	part_firmware_bruiser
10024	part_firmware_bruiser
10024	part_firmware_bruiser
10024	part_firmware_bruiser
10024	part_firmware_skillcraft
10024	part_firmware_skillcraft
10024	part_firmware_skillcraft
10024	part_firmware_skillcraft
10024	part_firmware_skillcraft
10024	part_firmware_skillcraft
10025	pearl_corrosive
10025	pearl_cryo
10025	pearl_fire
10025	pearl_normal
10025	pearl_radiation
10025	pearl_shock
10026	pearl_damage
10026	pearl_firerate
10026	pearl_handling
10026	pearl_reload
10027	part_aug_unique_geigerroid_corrosive_sec
10027	part_aug_unique_geigerroid_cryo_sec
10027	part_aug_unique_geigerroid_fire_sec
10027	part_aug_unique_geigerroid_radiation_sec
10027	part_aug_unique_geigerroid_shock_sec
10028	part_scope_acc_s01_l01_b_abyss
